,titulo,link,fecha,descripcion
0,Un nuevo asalto se produjo en un restaurante en el norte de Quito,/noticias/actualidad/44/nuevo-asalto-restaurante-norte-quito,20 de julio de 2021 14:28,"Un local de comidas en el norte de Quito fue asaltado por siete delincuentes que llegaron en motocicletas, todos con mochilas de servicio de 'delivery'. Tres de ellos ingresaron y los cuatro restantes esperaron en el exterior. "
1,Un nuevo atraco en Quito quedó registrado en video,/noticias/actualidad/44/nuevo-asalto-robo-quito-registrado-video,15 de junio de 2021 16:50,"Siete delincuentes que se encontraban en motocicletas ingresaron abruptamente a un local de comidas en el norte de Quito, la noche del lunes 14 de junio del 2021. El hecho quedó registrado en las cámaras de seguridad. "
2,Guardias de Seguridad frustraron el asalto de $ 10.000,/noticias/justicia/12/guardias-seguridad-asalto-guayaquil,07 de mayo de 2021 15:09,"Guardias privados frustraron el asalto al trabajador de una camaronera que sacó $ 10.000 en efectivo de un banco, en el norte de Guayaquil, este viernes 7 de mayo del 2021. "
3,El FBI investiga posible intento de venta del ordenador de Pelosi a Rusia tras asalto al Capitolio,/noticias/mundo/8/fbi-intento-venta-ordenador-pelosi-rusia-asalto-capitolio,18 de enero de 2021 11:23,"La policía federal estadounidense (FBI) abrió una investigación sobre la posible intención de una mujer que entró el pasado 6 de enero en el despacho de la presidenta de la Cámara de Representantes, Nancy Pelosi, durante el asalto al Capitolio, de vender el ordenador portátil de Pelosi o un disco duro a Rusia."
4,Agentes de control de Tránsito en Guayaquil integraban una banda de asaltantes en carreteras,/noticias/judicial/12/agentes-control-transito-guayaquil-integraban-banda-asaltantes-carreteras,08 de diciembre de 2020 15:44,Una banda que cometía asaltos a mano armada en varias carreteras que conducen a Guayaquil (Guayas) fue desarticulada tras un operativo el pasado viernes.
5,Detenidas cuatro personas por asalto y secuestro en Guayaquil y Durán,/noticias/judicial/12/detenidas-cuatro-personas-asalto-secuestro-guayaquil-duran,04 de diciembre de 2020 20:41,"Cuatro antisociales fueron detenidos en Guayaquil y Durán, por protagonizar delitos de asalto y secuestro, en la ciudadela Urdesa y en la vía Durán-Tambo."
6,Prisión de 34 años para dos hombres que asaltaron y asesinaron a un ciudadano cubano,/noticias/judicial/12/prision-hombres-asaltaron-asesinaron-ciudadano-cubano,02 de octubre de 2020 14:46,"El Tribunal de Garantías Penales de Azuay sentenció a 34 años y ocho meses de pena privativa de libertad para César C. y Roberto V., quienes fueron responsables (en calidad de autor y coautor) de un robo con resultado de muerte."
7,Ciudadanos que asaltaron al equipo de TC Televisión son de nacionalidad extranjera,/noticias/judicial/12/equipo-tc-television-asalto-informar-inseguridad,22 de septiembre de 2020 16:47,Agentes de la Policía Nacional realizan la búsqueda de los responsables de un robo a mano armada ejecutado en contra del equipo periodístico de TC Televisión. 
8,¿ASALTO A LAS IDEAS Y A LA REPRESENTATIVIDAD POLÍTICA?,/noticias/punto-de-vista/3/asalto-ideas-representatividad-politica,24 de agosto de 2020 00:24,"En las ferias, los vendedores de bagatelas suelen ofrecer sus mercancías con voz estridente. Si no optaran por tal estrategia, el alboroto generalizado impediría que sus ofertas fuesen examinadas por los clientes que abundan en tales entornos. Algo similar ocurre –desde hace varios lustros- en nuestro medio a propósito de los procesos eleccionarios y debido a las deficientes normas que regulan la campaña electoral y el rol de los partidos políticos."
9,PPL de altísima peligrosidad fueron cambiados de centro de rehabilitación,/noticias/judicial/12/ppl-altisima-peligrosidad-centro-rehabilitacion,24 de agosto de 2021 18:03,"27 personas privadas de la libertad (ppl) de máxima seguridad fueron trasladadas desde el centro de rehabilitación social de Cotopaxi, en Latacunga, hacia otras cárceles del país durante un operativo realizado la tarde de este martes 24 de agosto de 2021."
10,Policía recaptura a hombre que se fugó de la cárcel de Manabí hace cinco años,/noticias/judicial/12/policia-recaptura-carcel-manabi-profugo,23 de agosto de 2021 11:35,"El ciudadano recapturado escapó de la cárcel mientras cumplía una condena por el presunto delito de asesinato de un hombre el 17 de abril del 2015. Es decir, un año después fugó y se mantuvo en la clandestinidad hasta ahora."
11,Cuatro procesados son llamados a juicio por el asesinato de dirigente político,/noticias/justicia/12/cuatro-procesados-llamados-juicio-asesinato-dirigente-politico,20 de agosto de 2021 21:44,"Cuatro personas fueron llamadas a juicio por su presunta participación en el asesinato del dirigente político Patricio M. P., ocurrido el pasado 22 de diciembre del 2020, en Quevedo."
12,Se abre audiencia para ocho implicados en el asesinato de Efraín Ruales,/noticias/justicia/12/audiencia-ocho-implicados-asesinato-efrainruales,19 de agosto de 2021 14:29,"Ocho personas investigadas por el asesinato del presentador de televisión, Efraín Ruales, entraron a la audiencia preparatoria y evaluación de juicio en su contra, este jueves 19 de agosto del 2021. El crimen ocurrió el pasado miércoles 27 de enero. "
13,Tres presuntos delincuentes fueron aprehendidos por robo de celular en el centro de Quito,/noticias/judicial/12/tres-presuntos-delincuentes-fueron-aprehendidos-por-robo-de-celular-en-el-centro-de-quito,18 de agosto de 2021 07:04,"A través de su cuenta de Twitter, los agentes de control de Quito informaron que el martes 17 de agosto aprehendieron a tres presuntos delincuentes que habrían sustraído un teléfono celular a una ciudadana. El hecho ocurrió en el sector del Centro Comercial Hermano Miguel."
14,Daniel Salcedo recibió una tercera condena de tres años,/noticias/justicia/12/danielsalcedo-recibio-tercera-condena-tres-anos-prision,17 de agosto de 2021 16:56,"Daniel Salcedo recibió una tercera condena de tres años de prisión y una multa de 1.600 dólares por el delito de ingreso de artículos prohibidos a la Cárcel 4, donde se encuentra recluido por el delito de peculado con una condena de 13 años. "
15,Armada del Ecuador detuvo embarcación tras balacera en el Golfo de Guayaquil,/noticias/judicial/12/armada-embarcacion-balacera-golfo-guayaquil,08 de junio de 2020 07:15,"Un enfrentamiento armado ser registró la tarde del domingo 7 de junio en el Golfo de Guayaquil, cuando personal  de la Armada del Ecuador interceptó una embarcación involucrada en un asalto horas antes."
16,Armada frustó asalto a gabarra y halló caleta de motores robados,/noticias/judicial/12/armada-asalto-gabarra-caleta-motores-robados,23 de mayo de 2020 07:30,"La intervención de elementos de la Armada del Ecuador permitió frustrar el asalto a una gabarra en el sector de Puerto Roma, en el golfo de Guayaquil."
17,Trabajadores asaltados por piratas fueron rescatados en un manglar,/noticias/judicial/12/trabajadores-piratas-rescatados-manglar,22 de febrero de 2020 00:12,"Trabajadores de una camaronera fueron abandonados en un manglar del Golfo de Guayaquil, luego de que piratas los asaltaron y se llevaron sus pertenencias y la embarcación en la que se dirigían desde la isla Puná hasta Guayaquil. Ahí los rescataron."
18,Armada del Ecuador auxilió a pescadores que estaban a la deriva tras asalto,/noticias/judicial/12/armada-pescadores-deriva-asalto,10 de febrero de 2020 20:14,"Personal de la Armada del Ecuador rescató a tres pescadores que, tras ser víctimas de asalto, quedaron a la deriva en su lancha."
19,Motorizados roban afuera de complejo de oficinas y departamentos en Guayaquil,/noticias/judicial/12/motorizados-guayaquil,04 de febrero de 2020 11:24,"Dos cámaras de seguridad registraron el robo que cometieron motorizados en contra de dos personas que caminaban afuera de un complejo de oficinas y departamentos ubicado en la calle Abel Romero y avenida Juan Tanca Marengo, en el norte de Guayaquil."
20,Implicado en asesinato de mujer afuera del CCI se acoge al silencio,/noticias/judicial/12/asesino-cci-asalto-venezolano,02 de febrero de 2020 16:01,"El presunto responsable de la muerte de una mujer de la tercera edad en los exteriores de un centro comercial de Quito quedó con prisión preventiva tras la audiencia de formulación de cargos, informó este domingo 2 de febrero de 2020 la Fiscalía General del Estado."
21,Asalto en el CCI deja una víctima; hay un detenido,/noticias/judicial/12/asalto-cci-muerte-robo-policia,01 de febrero de 2020 16:51,"Una mujer de la tercera edad fue asesinada este sábado 1 de febrero de 2020 en los exteriores del Centro Comercial Iñaquito, en Quito. El hecho ocurrió por un intento de robo, según informó la Policía Nacional."
22,Asalto en el golfo deja un pescador muerto y otro herido,/noticias/judicial/12/asalto-golfo-pescador-muerto,29 de enero de 2020 15:42,"Los pescadores Federico Reyes Cruz y Álex Montero Méndez fueron víctimas de un asalto en Puerto Bolívar, provincia de El Oro. El primero de ellos murió por disparos y el segundo resultó herido. El hecho ocurrió la madrugada de este miércoles 29 de enero de 2020."
23,Policía detiene a ladrones que robaron a pasajeros de bus en Guayaquil,/noticias/judicial/12/ladron-bus-chofer-advertencia,29 de enero de 2020 11:42,"Dos vídeos de las cámaras de seguridad captan cuando un ladrón se sube en un bus de la línea 61 y les roba a los pasajeros pese a la advertencia del chofer: ""están monitoreando los de la ATM"" (Autoridad de Tránsito Municipal)."
24,Asaltan unidad militar de Venezuela y acusan a la oposición,/noticias/mundo/8/asalto-unidad-militar-venezuela,22 de diciembre de 2019 16:26,"El ministro de Defensa de Venezuela, Vladimir Padrino, informó este domingo 22 de diciembre del 2019 que un grupo de ""extremistas de la oposición"" asaltó una unidad militar ubicada en la frontera con Brasil lo que desencadenó enfrentamientos que se saldan con al menos un oficial fallecido."
31,"Siete detenidos, entre ellos dos policías, por asalto a una piladora",/noticias/judicial/12/detenidos-policias-asalto-piladora,14 de diciembre de 2019 07:31,Siete detenidos es el resultado de un operativo policial tras el asalto y robo a una piladora ubicada en el cantón Lomas de Sargentillo (a 47 kilómetros al norte de Guayaquil). Entre los aprehendidos hay dos gendarmes en servicio activo.
32,"Madre de ecuatoriano muerto en persecución tras asalto en Florida pide ""transparencia""",/noticias/judicial/12/madre-ecuatoriano-muerto-florida,11 de diciembre de 2019 08:04,"Luz Apolinario, la madre del chófer de la empresa de correos UPS muerto la pasada semana durante un enfrentamiento entre la Policía local y dos ladrones, pidió ""transparencia"" al FBI, que se encarga de la investigación del suceso."
33,Prisión preventiva para dos extranjeros por asalto a restaurante en Quito,/noticias/judicial/12/prision-extranjeros-asalto-restaurante-fiscal-salazar,27 de noviembre de 2019 21:39,"La jueza Eliana Carvajal dispuso la prisión preventiva contra las dos personas que intentaron asaltar el restaurante en el que se encontraba la fiscal general, Diana Salazar."
34,Asaltaron restaurante donde se hallaba la fiscal general Diana Salazar,/noticias/judicial/12/restaurante-diana-salazar,26 de noviembre de 2019 20:55,Un asalto se registró al mediodía del martes 26 de noviembre de 2019 en un restaurante de la zona norte de Quito. La fiscal general del Estado Diana Salazar se encontraba en el lugar al momento del atraco.
35,Vigilante agarró a delincuente en restaurante,/noticias/judicial/12/vigilante-delincuente-restaurante,27 de septiembre de 2019 09:56,Un agente de la Comisión de Tránsito del Ecuador (CTE) comía empanadas en un local cuando un ladrón le apuntó a la cabeza simulando tener un arma de fuego.
36,"Cabecilla de banda dedicada al secuestro, extorsión y asalto registra 17 detenciones",/noticias/judicial/12/cabecilla-banda-secuestro-extorsion-asalto-detenciones,20 de septiembre de 2019 12:29,"Como resultado de tres meses de investigación, la madrugada de este viernes 20 de septiembre del 2019, la Policía Nacional desarticuló una banda delictiva que operaba en las provincias de Pichincha, Santo Domingo de los Tsáchilas y Los Ríos."
37,Seis procesados tras asalto en matrimonio que dejó dos muertos,/noticias/judicial/12/procesados-asalto-matrimonio-muertos,17 de septiembre de 2019 06:30,"La Fiscalía General del Estado procesó a seis personas (cinco mayores de edad y un adolescente) por el delito de robo con muerte y abrió dos instrucciones fiscales por treinta días, tras un asalto en Quito."
38,Tres estudiantes procesados por robo al no devolver dinero que hallaron en la calle,/noticias/judicial/12/estudiantes-robo-dinero-calle,10 de septiembre de 2019 16:54,"El juez de Garantías Penales, José Ortega Cadena, dictó la prisión preventiva contra cuatro personas, entre ellas tres jóvenes estudiantes, por el presunto delito de robo, informó la Fiscalía. "
39,Policía frustra asalto a entidad bancaria en Naranjal,/noticias/judicial/12/amenaza-bomba-naranjal,30 de agosto de 2019 12:20,"La Policía Nacional frustró este viernes 30 de agosto del 2019 un asalto a una agencia de BanEcuador en el cantón Naranjal, provincia del Guayas. La alerta se generó aproximadamente a las 09:20 y se advertía del ingreso a la sucursal de un hombre y una mujer, presuntamente con material explosivo adherido a sus cuerpos. "
40,Delincuentes disparan tras robar en panadería de Urdesa,/noticias/judicial/12/delincuentes-robo-panaderia-urdesa,26 de agosto de 2019 09:51,"Dos individuos asaltaron a clientes que desayunaban en una panadería ubicada en las calles Víctor Emilio Estrada y Laureles, en la ciudadela Urdesa, en el norte de Guayaquil."
47,Dos detenidos por asesinato de un niño de 2 años durante asalto,/noticias/judicial/12/detenidos-asesinato-nino-asalto,17 de agosto de 2019 00:15,Un operativo policial permitió la captura de dos hombres presuntamente involucrados en el asesinato de un niño de 2 años de edad. El menor estaba en un vehículo que fue asaltado alrededor de las 18:30 del jueves 15 de agosto en la provincia de Los Ríos.
48,Policía que patea a delincuente detenido en Quevedo no será sancionado,/noticias/judicial/12/policia-patea-delincuente-quevedo-sin-sancion,13 de agosto de 2019 14:00,"La ministra de gobierno, María Paula Romo, informó que no será sancionado el policía cuyo proceder tras la detención de un delincuente fue criticado en redes sociales. El hecho ocurrió el 8 de agosto en Quevedo, provincia de Los Ríos."
49,Declaran los sospechosos de asalto a Casa de Moneda de México,/noticias/mundo/8/asalto-casa-moneda-mexico,06 de agosto de 2019 16:38,"Tres empleados de la Casa de Moneda de México, incluido el guardia de seguridad, fueron interrogados para esclarecer el multimillonario robo de la Casa de Moneda de México ocurrido este martes 6 de agosto del 2019, informaron las autoridades."
50,Dos detenidos por asalto a gabarra con camarón,/noticias/judicial/12/detenidos-asalto-gabarra-camaron,18 de julio de 2019 12:52,La Policía detuvo a dos hombres que supuestamente robaron camarón de una gabarra que navegaba en el Golfo de Guayaquil.
51,Policía desarticula banda dedicada al asalto y robo de automotores,/noticias/judicial/12/policia-desarticula-banda-robo-automotores,05 de julio de 2019 22:10,"Cuatro integrantes una banda dedicada al robo de vehículos, fueron detenidos por la Policía la mañana de este viernes 5 de julio en el sector del Guasmo, oeste de Guayaquil, cuando se encontraban en posesión de dos automóviles que habían sido sustraídos horas antes."
52,Al menos 15 detenidos por protestas y asalto al Parlamento en Hong Kong,/noticias/mundo/8/detenidos-protestas-asalto-parlamento-hongkong,04 de julio de 2019 08:49,Al menos 15 personas -entre ellas una de 14 años- han sido arrestadas hasta el momento en relación con las protestas contra el proyecto de ley de extradición y la toma del Parlamento de Hong Kong el lunes 1 de julio del 2019.
53,"Exreportera de televisión, detenida por asalto a una joven en Guayaquil",/noticias/judicial/12/exreportera-television-asalto-guayaquil,10 de junio de 2019 19:51,"Tres ciudadanos, entre ellos una mujer, fueron detenidos tras haber asaltado y robado a una joven que se encontraba comprando en una despensa cercana a su domicilio, ubicada en la ciudadela Los Sauces, norte de Guayaquil."
54,Pescadores ecuatorianos asaltados fueron rescatados por la Armada colombiana,/noticias/judicial/12/pescadores-ecuatorianos-asaltados-fueron-rescatados-por-la-armada-colombiana,23 de mayo de 2019 04:47,Un operativo conjunto entre las capitanías de puerto de Tumaco (Colombia) y Esmeraldas (Ecuador) permitió el rescate de seis pescadores ecuatorianos que fueron asaltados por piratas y quedaron a la deriva.
55,Policía descarta asalto cómo móvil de crimen de futbolista,/noticias/judicial/12/policia-crimen-mauricioquinonez,13 de mayo de 2019 10:00,"Un individuo identificado como Leyther N. fue capturado como sospechoso de participar en el crimen del futbolista Josué Mauricio Quiñonez Torres, de 18 años, quien jugaba en el club Independiente del Valle."
56,Un asalto deja sin instrumentos y equipos a Café Tacvba,/noticias/espectaculos/10/cafe-tacvba-robo-instrumentos,03 de mayo de 2019 07:05,"La banda mexicana Café Tacvba fue víctima de la delincuencia cuando el camión que transportaba sus instrumentos, consolas y demás equipos de trabajo, fue asaltado cuando se dirigía al sitio de su próxima presentación."
63,Cooperativa de ahorro fue asaltada en el centro de Guayaquil,/noticias/judicial/12/cooperativa-ahorro-asaltada-guayaquil,01 de mayo de 2019 00:36,Un asalto a una cooperativa de ahorro y crédito se registró la tarde del martes 30 de abril en el centro de Guayaquil. Un guardia de seguridad del lugar resultó herido con un golpe en la cabeza.
64,Deportista extranjero sufrió lesiones tras ser asaltado dos veces en Quito,/noticias/judicial/12/deportista-extranjero-lesiones-asaltado-quito,11 de abril de 2019 00:05,"Un deportista extranjero que llegó a Ecuador para competir en un evento que se desarrollará en Baños, fue asaltado dos veces y resultó lesionado, por lo que decidió marcharse del país."
65,Vestidos como policías robaron en dos casas,/noticias/judicial/12/policias-robo-casas,23 de marzo de 2019 00:00,"Era de madrugada cuando José escuchó que golpeaban la puerta de su vivienda, ubicada en Colinas de la Florida, en el norte de Guayaquil."
66,Jueza dicta prisión preventiva tras asalto a consulado de Venezuela en Ecuador,/noticias/judicial/12/prision-asalto-consultado-venezuela,22 de febrero de 2019 19:34,"Por pedido de la Fiscalía General del Estado, la jueza de garantías penales Luisa Macías dictó prisión preventiva  el viernes 22 de febrero de 2019 contra los ciudadanos Richard G.M., Inés B.R., Christian F.N. y María L.R. por el presunto delito de robo a cuatro personas que habrían participado en el asalto al consulado de Venezuela en Guayaquil, el pasado miércoles."
67,Clientes de un restaurante en el norte de Quito fueron asaltados con armas de fuego,/noticias/judicial/12/clientes-restaurante-asaltados-quito,02 de febrero de 2019 19:04,"Fingiendo ser clientes, dos asaltantes, un hombre y una mujer, robaron billeteras, celulares y propinas de un restaurante ubicado en las calles San Salvador y Eloy Alfaro, en el norte de Quito, la tarde de este sábado 2 de febrero."
68,Hombre falleció en un asalto afuera de un banco en Quito,/noticias/judicial/12/hombre-muerte-asalto-sacapintas-banco-quito,25 de enero de 2019 20:35,"Fernando Casanova, esposo de la asambleísta de Esmeraldas por el Movimiento CREO, Rina Campain, fue asesinado el viernes 25 de enero en los exteriores de una agencia bancaria en Quito."
69,Hombres armados asaltaron agencia de pagos en la vía a Daule,/noticias/judicial/12/asalto-agencia-pagos-guayaquil,10 de enero de 2019 06:05,"Una rápida intervención policial permitió la captura de dos hombres que presuntamente participaron en el asalto a una agencia de pagos que funciona en unas bodegas del kilómetro 8.5 de la vía a Daule, la tarde del miércoles 9 de enero."
70,Asaltan domicilio del prefecto de Cotopaxi,/noticias/judicial/12/asalto-domicilio-prefecto-cotopaxi,27 de diciembre de 2018 14:22,"A las 02:15 de este jueves 27 de diciembre, el domicilio del prefecto de Cotopaxi, Jorge Guamán Coronel, ubicada en la comunidad de Galpón Loma, parroquia Belisario Quevedo, en el sur de Latacunga, fue asaltada por cuatro sujetos armados, quienes se sustrajeron una laptop propiedad de su hija."
71,Al menos 13 muertos tras asalto con rehenes a dos bancos en Brasil,/noticias/mundo/8/muertos-asalto-bancos-brasil,07 de diciembre de 2018 10:40,"Al menos 13 personas han muerto, entre ellas dos niños, en un tiroteo entre la Policía y un grupo de asaltantes que intentó robar dos bancos en el municipio brasileño de Milagres, en el estado de Ceará."
72,Policía identifica a presunto cabecilla de banda que asaltó en avenida de Quito,/noticias/judicial/12/policia-asalto-quito,23 de noviembre de 2018 10:33,"La Policía ecuatoriana identificó este viernes 23 de noviembre al presunto cabecilla de una banda de delincuentes que atracaron ayer a dos transeúntes en una concurrida calle del norte de Quito, cuyo video se ‘viralizó’ en las redes sociales en las últimas horas."
79,Detenido hombre que aparece en video asaltando a un conductor,/noticias/judicial/12/detenido-video-asalto-conductor,21 de noviembre de 2018 07:00,"El Comando de la Zona 8 de Policía, a través de la Subdirección de Investigaciones de Delitos Contra la Propiedad (Sidprobac), informó que en las calles Ximena y Piedrahita, centro de Guayaquil, fue aprehendido Kléber Rubén L.G, de 23 años, alias “Guatusi”, sujeto que fue grabado al momento en que apuntó con un arma de fuego al conductor de un vehículo."
80,Persecución tras asalto a trabajadores en Durán dejó dos detenidos,/noticias/judicial/12/persecucion-asalto-trabajadores-detenidos,26 de octubre de 2018 00:02,Una persecución en el cantón Durán permitió la captura de dos sujetos que presuntamente asaltaron a trabajadores de una empresa de telefonía celular.
81,Ocho aprehendidos por asalto en grupo afuera del Malecón Simón Bolívar,/noticias/judicial/12/aprehendidos-asalto-afuera-malecon,10 de octubre de 2018 00:15,"La Policía Nacional confirmó la detención de cinco personas y el aislamiento de tres menores de edad, presuntamente implicados en el asalto y robo a transeúntes en los exteriores del Malecón Simón Bolívar, donde se desarrollaban actividades por las fiestas de Independencia de Guayaquil."
82,Vandalizan uno de los vagones del primer tren del Metro de Quito,/noticias/quito/2/vandalos-grafiti-vagones-tren-metro-quito,09 de septiembre de 2018 13:24,"La madrugada de este domingo 9 de septiembre, una banda integrada por alrededor de 20 individuos asaltó los talleres y cocheras del Metro de Quito ubicados en Quitumbe, informó la Alcaldía."
83,Asalto a camión repartidor de víveres deja un muerto en Guayaquil,/noticias/judicial/12/asalto-camion-muerto-guayaquil,19 de julio de 2018 00:16,El chofer de un camión repartidor de víveres fue asesinado tras resistirse a un asalto.
84,Asalto a oficinas de la CTE en Guayaquil dejó un herido,/noticias/judicial/12/asalto-oficinas-cte-guayaquil-herido,07 de julio de 2018 00:02,"Cuatro sujetos asaltaron las oficinas de Citaciones y Partes de la Comisión de Tránsito del Ecuador (CTE), ubicadas en la avenida Juan Tanca Marengo, frente a la Martha de Roldós, en el norte de Guayaquil."
85,Dos muertos y cuatro heridos en intento de asalto en Naranjal,/noticias/judicial/12/muerto-herido-asalto-naranjal,29 de junio de 2018 22:15,"Dos individuos, presuntos integrantes de una banda de asaltantes, murieron este viernes 29 de junio en un frustrado atraco a un carro blindado que transportaba $ 200.000."
86,Ladrón golpea amujer y le arrebata el celular,/noticias/judicial/12/asalto-celular-violencia-guayaquil,13 de junio de 2018 00:00,"Con un puñete en el estómago y cuatro jalones que la tumbaron al piso, un delincuente sometió a una joven y le sustrajo su teléfono celular, a las 14:00 del lunes último."
87,Un hombre asaltó y violó a una menor de 16 años en Guayaquil,/noticias/judicial/12/asalto-violacion-adolescente-guayaquil,30 de mayo de 2018 00:00,"Cristina denunció que su hija de 16 años fue violada en el sector de La Ladrillera, noroeste de Guayaquil. El hecho ocurrió el pasado lunes 28 de mayo."
88,Delincuentes agreden y se llevan arma de centinela de unidad militar en Quevedo,/noticias/judicial/12/asalto-centinela-unidad-militar-quevedo,09 de mayo de 2018 13:12,"El centinela de una de las garitas del Grupo de Fuerzas Especiales N.º 26 Cenepa, acantonado en la ciudad de Quevedo, fue sorprendido y asaltado por delincuentes, quienes le sustrayeron su armamento en dotación, informó el Ejército ecuatoriano. "
95,Policía desarticula banda que robó $ 250.000 de banco en Guayaquil,/noticias/judicial/12/detenidos-robo-banco-guayaquil,27 de abril de 2018 17:00,"La Policía, a través de la operación ""Impacto 161"", desarticuló la madrugada de este viernes 27 de abril una banda dedicada al robo de unidades comerciales y entidades financieras, tenencia de armas, tráfico de sustancias sujetas a fiscalización, entre otros."
96,Asaltante murió en frustrado atraco en Guayas,/noticias/judicial/12/asaltante-murio-en-frustrado-atraco,16 de abril de 2018 00:00,"Un grupo de pasajeros de un bus de la cooperativa interprovincial Ricaurte frustró un atraco en la vía Durán-Tambo, la noche del sábado 14 de abril."
97,Un asalto en joyería activó alarmas,/noticias/judicial/12/asalto-joyeria-alarmas,29 de marzo de 2018 00:00,Una banda de maleantes asaltó la joyería La Poderosa en Esmeraldas y ataron dos supuestos tacos de dinamita en la pierna derecha de un empleado del negocio.
98,Dos muertos y un herido en asalto con rehenes a oficina bancaria en Brasil,/noticias/mundo/8/dos-muertos-y-un-herido-en-asalto-con-rehenes-a-oficina-bancaria-en-brasil,02 de marzo de 2018 18:59,"Dos personas murieron hoy, otra resultó herida y cuatro sospechosos fueron detenidos en un frustrado asalto con más de 30 rehenes a una oficina bancaria en Río de Janeiro, ciudad que afronta una grave ola de violencia y cuya seguridad está bajo control del Ejército, informó la Policía."
99,Policía desarticuló presunta banda dedicada al sicariato,/noticias/judicial/12/policia-desarticulo-presunta-banda-dedicada-al-sicariato,25 de enero de 2018 00:55,"La Policía Nacional desarrolló la operación denominada Impacto 35, en la que fue desarticulada una presunta banda dedicad al asalto, robo a mano armada y sicariato."
100,Operativo policial permitió desarticular presunta banda dedicada al asalto y extorsión,/noticias/judicial/12/operativo-policial-permitio-desarticular-presunta-banda-dedicada-al-asalto-y-extorsion,18 de enero de 2018 00:01,"Una presunta banda delictiva que se asociaba para cometer robos de automotores y extorsión en Guayaquil, Santa Elena, Libertad, Salinas y General Villamil (Playas), fue desarticulada por la Policía en el Estero de Ballenita, del cantón Santa Elena."
101,Hallan el botín de 4 millones de euros robados en el asalto al Ritz parisino,/noticias/mundo/8/hallan-el-botin-de-4-millones-de-euros-robados-en-el-asalto-al-ritz-parisino,11 de enero de 2018 18:16,"Las joyas por valor de al menos cuatro millones de euros fueron recuperadas por la policía en un saco confiscado el miércoles, cuando un grupo de cinco hombres asaltó la joyería del lujoso hotel parisino Ritz, informó hoy el canal BFMTV."
102,Bombero voluntario resultó herido durante un asalto,/noticias/judicial/12/bombero-voluntario-resulto-herido-durante-un-asalto,11 de enero de 2018 15:37,"Un ciudadano resultó herido durante un asalto ocurrido a las 08:30 del jueves, en las calles Lizardo García y Azuay, sector Cristo del Consuelo, suroeste de Guayaquil."
103,$ 149.000 se llevaron asaltantes de un banco,/noticias/judicial/12/sujetos-vestidos-de-guardias-de-seguridad-asaltaron-banco-en-guayaquil,05 de enero de 2018 15:00,"Las imágenes de las cámaras de seguridad y las versiones de un guardia privado y dos empleados de la agencia del Banco Guayaquil, que fue asaltada la tarde de este jueves, en Aguirre y Rumichaca, son los principales elementos con los que hasta el momento cuenta la Fiscalía de Guayas para resolver este caso."
104,Asaltantes agreden a sus víctimas,/noticias/judicial/12/asaltantes-agreden-a-sus-victimas,12 de diciembre de 2017 00:00,"Una pareja de esposos y su hija fueron asaltados, golpeados y apuñalados por dos delincuentes que la madrugada de ayer ingresaron en su casa en la cooperativa de vivienda Colinas de la Florida, noreste de Guayaquil."
111,Detenidos presuntos asaltantes de local de computadoras en el norte de Guayaquil,/noticias/judicial/12/detenidos-presuntos-asaltantes-de-local-de-computadoras-en-el-norte-de-guayaquil,07 de diciembre de 2017 00:04,"Cinco personas fueron detenidas la tarde del miércoles tras el asalto a un local de productos de computación y aparatos electrónicos ubicado en la avenida Francisco de Orellana, a la altura de la ciudadela Kennedy Norte."
112,Detenidos dos de los sujetos que asaltaron vehículo en Malecón de Guayaquil,/noticias/judicial/12/policia-busca-a-sujetos-que-perpetraron-asalto-en-sector-del-malecon-de-guayaquil,08 de octubre de 2017 11:40,"En horas de la noche del sábado, el ministro del Interior, César Navas, informó de la detención de dos de los sujetos que perpetraron un asalto en los exteriores del Malecón 2000, en la ciudad de Guayaquil, y cuyo video circuló por redes sociales, causando la indignación de los ciudadanos."
113,Supuesto ladrón fue detenido por agentes de la ATM,/noticias/guayaquil/2/supuesto-ladron-fue-detenido-por-agentes-de-la-atm,07 de octubre de 2017 18:21,"Dos personas se encontraban caminando al norte de Guayaquil, en la ciudadela Kennedy (cercanías del centro comercial San Marino), cuando se acercó un supuesto ladrón a robarles los celulares bajo amenaza de dispararles, apuntando a sus víctimas con una pistola."
114,Un empresario muere por impacto de bala en Urdesa,/noticias/judicial/12/una-persona-fue-asesinada-durante-asalto-a-restaurante-en-urdesa,03 de octubre de 2017 01:07,"Uno de los dueños de un negocio de comidas rápidas, situado en la avenida Víctor Emilio Estrada y Jiguas, en Urdesa Central, en el norte de Guayaquil, perdió la vida al intentar detener a un delincuente que asaltó a sus clientes. La víctima es Bernardo Adolfo Avecillas Pozo, de 54 años, oriundo de Gualaceo, cantón de la provincia de Azuay."
115,Ladrones recibieron con disparos a dos policías alertados de asalto,/noticias/judicial/12/ladrones-recibieron-con-disparos-a-dos-policias-alertados-de-asalto,03 de octubre de 2017 00:00,A las 20:25 un delincuente que cubre su rostro con un casco y empuña un arma de fuego ingresa corriendo a un asadero de pollos que estaba con la puerta abierta hasta la mitad. Tres segundos después ingresa su cómplice tratando de ocultar su cara con una gorra.
116,Conductor de bus interprovincial evita asalto,/noticias/judicial/12/conductor-de-bus-interprovincial-evita-asalto,15 de agosto de 2017 16:20,"La noche del lunes, delincuentes pretendieron asaltar un bus de la cooperativa Turismo Oriental, placas AAA 3018, en la vía Cuenca-Molleturo-El Empalme, sector Hierba Buena.Fabricio Vásquez, de 35 años, conductor de dicha cooperativa, manifestó que desde la ciudad de Guayaquil se percató de que una camioneta roja lo seguía. Es así que a la altura de la entrada al sitio Aguas Calientes, perteneciente al cantón Naranjal, el vehículo mencionado trató de interceptarlo."
117,Baleado en asalto en la Bahía tenía siete detenciones,/noticias/judicial/12/baleado-en-asalto-en-la-bahia-tenia-siete-detenciones,05 de agosto de 2017 00:00,"Cleris Tumbaco permanece en una silla de ruedas. En la pierna derecha un pedazo de gasa le cubre la herida de bala que tuvo tras la balacera acaecida, a las 17:20 del jueves, en las calles Chimborazo y Manabí, en el centro de Guayaquil."
118,3 muertos y 7 heridos en asalto frustrado en el sector de la bahía de Guayaquil,/noticias/judicial/12/dos-muertos-en-asalto-frustado-en-el-sector-de-la-bahia-de-guayaquil,04 de agosto de 2017 08:02,"Tres personas murieron durante un asalto frustrado registrado en el sector de la bahía, en el centro de Guayaquil. Marcelo Tobar, jefe de la Zona 8 de la Policía, explicó que aproximadamente siete sujetos intentaron asaltar a un guardia de la compañía Tevcol que estaba trasladando valores desde un local hacia un vehículo blindado."
119,Asalto a local deja un muerto y un herido en Cuenca,/noticias/judicial/12/asalto-a-local-deja-un-muerto-y-un-herido-en-cuenca,02 de agosto de 2017 19:20,"La Policía investiga las circunstancias de un crimen en la avenida Ordóñez Lasso y Los Hornos, sector Río Amarillo, en la ciudad de Cuenca. "
120,Policía frustra asalto en el centro de Guayaquil,/noticias/judicial/12/policia-frustra-asalto-en-el-centro-de-guayaquil,05 de julio de 2017 00:01,Seis personas con antecedentes delictivos fueron detenidas este martes en una operación policial que evitó un asalto en el centro de Guayaquil.
127,Policía frustró asalto al norte de Quito,/noticias/judicial/12/policia-frustro-asalto-al-norte-de-quito,29 de mayo de 2017 16:23,"Cinco individuos fueron detenidos, la mañana de este lunes 29 de mayo, al norte de Quito cuando presuntamente se dirigían a cometer un delito en una agencia bancaria."
128,Un comerciante esmeraldeño fue asesinado durante robo,/noticias/judicial/12/un-comerciante-esmeraldeno-fue-asesinado-durante-robo,28 de mayo de 2017 00:00,"Dos delincuentes ingresaron al local comercial Las Banderas, en la ciudad de Esmeraldas, y amenazaron a los trabajadores para que entregaran el dinero recaudado y sus objetos de valor."
129,Cuatro detenidos por asalto que dejó un muerto en Cuenca,/noticias/judicial/12/cuatro-detenidos-por-asalto-que-dejo-un-muerto-en-cuenca,25 de mayo de 2017 17:21,"La Policía detuvo a cuatro hombres presuntamente involucrados en el asesinato de un ciudadano durante un asalto a una lubricadora ubicada en el sector Cristo del Consuelo, de la parroquia San Joaquín, en Cuenca."
130,Entidad bancaria fue asaltada en el norte de Guayaquil,/noticias/judicial/12/alrededor-de-usd-15-mil-se-llevaron-delincuentes-de-banco-en-norte-de-guayaquil,18 de mayo de 2017 17:38,"Los delincuentes llegaron en motos, entraron como clientes y luego sometieron a los dos guardias de la agencia del Banco Procredit, ubicado en la ciudadela Alborada, en el norte se Guayaquil."
131,"Botín del ""robo del siglo"" en Paraguay asciende a casi $ 12 millones",/noticias/judicial/12/botin-del-robo-del-siglo-en-paraguay-asciende-a-casi-usd-12-millones,27 de abril de 2017 19:11,La empresa de transporte de caudales Prosegur informó este jueves que el monto del robo perpetrado el lunes en Paraguay por una banda integrada principalmente por brasileños fue de casi 12 millones de dólares.
132,Tres detenidos por asalto a locales comerciales en Guayaquil,/noticias/judicial/12/cuatro-detenidos-por-asalto-a-locales-comerciales-en-guayaquil,21 de abril de 2017 16:25,Personal del Distrito Pascuales detuvo a 3 presuntos implicados en el asalto a un restaurante la madrugada del viernes en el norte de Guayaquil.
133,Varios asaltantes se llevaron $ 49 mil de Gobierno Zonal de Guayaquil,/noticias/judicial/12/varios-sujetos-asaltan-en-gobierno-zonal-de-guayaquil,10 de febrero de 2017 19:00,"Un asalto se registró la tarde de este viernes en el edificio del Gobierno Zonal, ubicado en la avenida Francisco de Orellana, al norte de Guayaquil. Allí se ofrecen varios servicios públicos, entre ellos la emisión de pasaportes. "
134,Dos asaltantes robaron $ 10.000 de banco al norte de Guayaquil,/noticias/judicial/12/entidad-bancaria-fue-asaltada-en-el-norte-de-guayaquil,31 de enero de 2017 15:27,"El robo duró entre 30 segundos y un minuto. Dos individuos ingresaron a una agencia bancaria en el km 5,5 de la vía a Daule, al norte de Guayaquil, y se robaron aproximadamente $ 10.000."
135,Policía recuperó mercadería por $ 80 mil sustraída en asalto a casa de empresaria,/noticias/judicial/12/policia-recupero-mercaderia-por-usd-80-mil-sustraida-en-asalto-a-casa-de-empresaria,28 de enero de 2017 10:35,"Más de 80 mil dólares en bienes robados, entre ellos cuatro costosas pinturas al óleo, fueron devueltos a su propietaria, una conocida empresaria guayaquileña, quien había sufrido un asalto a su casa."
136,5 presuntos implicados en asaltos a blindados fueron detenidos,/noticias/judicial/12/5-presuntos-implicados-en-asaltos-a-blindados-fueron-detenidos,10 de noviembre de 2016 15:36,"Cinco individuos presuntamente implicados en los asaltos a vehículos blindados ocurridos en Guayaquil fueron detenidos la mañana de este jueves, en el operativo ‘Omega 3’. Los agentes realizaron en total 14 allanamientos. "
143,Más de $ 600 mil se llevaron delincuentes en asalto a blindado en centro comercial,/noticias/judicial/12/blindado-fue-asaltado-en-centro-comercial-del-norte-de-guayaquil,08 de noviembre de 2016 13:04,"Un carro blindado de la compañía Transportadora de Valores (Tevcol) fue asaltado la mañana de este martes en los parqueos del centro comercial City Mall, en el norte de Guayaquil. El grupo de antisociales se apoderó de $ 630.940."
144,Un ladrón le quitó la vida al periodista Robert Salazar,/noticias/judicial/12/periodista-es-asesinado-al-sur-de-guayaquil,07 de noviembre de 2016 13:40,"El periodista Robert Horacio Salazar Acosta, de 26 años, caminaba hacia su trabajo cuando un delincuente en bicicleta lo interceptó en la desolada avenida Quinta y calle Tercera, en la Ciudadela 9 de Octubre, al sur de Guayaquil."
145,En el caso Goyes se maneja la hipótesis de un asalto,/noticias/judicial/12/en-el-caso-goyes-se-maneja-la-hipotesis-de-un-asalto,11 de octubre de 2016 15:00,"Diego Fuentes, viceministro del Interior, informó que aún no se puede adelantar el móvil de la muerte de Wilmer Goyes, quien perteneció a la Dirección Nacional de Delitos Contra la Vida, Muertes Violentas, Desapariciones de Personas, Secuestros y Extorsiones (Dinased)."
146,Asaltantes se llevan $ 110 mil de una entidad bancaria en Santa Rosa,/noticias/judicial/12/asaltantes-se-llevan-usd-110-mil-de-una-entidad-bancaria-en-santa-rosa,14 de julio de 2016 23:53,"Eran las 13:30 aproximadamente del día jueves 14 de julio, cuando los clientes de la sucursal del Banco de Guayaquil en pleno centro del cantón Santa Rosa, provincia de El Oro, se llevaron una sorpresa al ver que dos hombres fuertemente armados entraron a la entidad financiera y se llevaron un botín de aproximadamente $ 110 mil, para luego huir en una motocicleta."
147,Hombres armados asaltaron 2 camiones que transportaban donaciones destinadas a damnificados por el terremoto,/noticias/ecuador/2/hombres-armados-asaltaron-2-camiones-que-transportaban-donaciones-destinadas-a-damnificados-por-el-terremoto,17 de abril de 2016 21:39,"Dos camiones que transportaban parte de las donaciones recolectadas durante el día en el Cuartel 5 de Bomberos para los damnificados del terremoto del sábado, fueron asaltados la noche del domingo cuando se dirigían al Centro de Convenciones Simón Bolívar, de Guayaquil, que está funcionando como centro de acopio."
148,Puerta de vidrio frustó asalto en centro comercial en Quito,/noticias/quito/2/puerta-de-vidrio-frusto-asalto-en-centro-comercial-en-quito,03 de septiembre de 2015 15:58,"Alrededor de las 15:30 de hoy, una persona, de aproximadamente 40 años, arrebató el teléfono móvil a una joven, que paseaba por un centro comercial, ubicado en el norte de Quito."
149,Cuatro pasajeros de un colectivo fueron heridos por un asaltante,/noticias/judicial/12/cuatro-pasajeros-de-un-colectivo-fueron-heridos-por-un-asaltante,25 de agosto de 2015 15:30,"Los pasajeros que se movilizaban en un bus de la línea 13, placa GBG 566, fueron asaltados, cerca de las 09:00 del martes, 25 de agosto, a la altura de Urdesa Norte, en el norte de Guayaquil."
150,4 hombres roban una bolsa con $ 60 mil en un banco al sur de Quito,/noticias/judicial/12/4-hombres-roban-una-bolsa-con-60-mil-en-un-banco-al-sur-de-quito,22 de mayo de 2015 10:47,"La mañana de este viernes se registró un robo en una agencia bancaria, en el sector de El Camal, ubicado al sur de Quito. Según datos proporcionados por el ECU 911, los delincuentes se habrían sustraido $ 60 mil. Hasta el momento 2 personas fueron detenidas por su posible participación en el atraco."
151,Sospechosos de robo a complejo del D. Quito fueron capturados ,/noticias/judicial/12/sospechosos-de-robo-a-complejo-del-d-quito-fueron-capturados,28 de abril de 2015 08:11,"La Policía capturó a los presuntos responsables del asalto a las instalaciones del complejo Ney Mancheno del Deportivo Quito, según confirmó esta mañana en su cuenta en Twitter el ministro del Interior, José Serrano."
152,El ataque a una universidad en Kenia dejó al menos 147 estudiantes muertos (Galería),/noticias/mundo/8/kenia-al-menos-15-muertos-en-ataque-de-los-shebab-somalies-a-universidad,02 de abril de 2015 15:17,"Un grupo de islamistas somalíes shebab asaltaron este jueves una residencia universitaria en Kenia y masacraron al menos a 147 estudiantes, tras una larga toma de rehenes, el ataque más grave en el país desde 1998, según un nuevo balance de víctimas."
159,Un pescador murió a los 24 días de ser baleado en asalto en el golfo,/noticias/judicial/12/un-pescador-murio-a-los-24-dias-de-ser-baleado-en-asalto-en-el-golfo,01 de abril de 2015 00:00,"Abel B.Ch. falleció el pasado lunes, después de un asalto ocurrido en el Golfo de Guayaquil a inicios de marzo, hecho que ya había dejado a otras 2 personas sin vida. El joven fue herido cuando con su padre Pedro B.P. y otros pescadores se acercaron a un bote donde ciudadanos pedían ayuda tras ser atracados, ahí ya había una víctima mortal que fue identificada como Luis Pedro P.L."
160,"Ataque contra museo en Túnez deja 17 muertos, entre ellos 2 colombianos (Galería)",/noticias/mundo/8/tres-hombres-armados-tratan-de-asaltar-parlamento-de-tunez,18 de marzo de 2015 13:56,"El primer ministro tunecino Habib Essid informó este miércoles que 17 turistas murieron en el ataque contra un museo, incluyendo a dos colombianos y una española, según un nuevo balance que rebaja la cifra de extranjeros fallecidos."
161,Presuntos piratas asaltan embarcación y hieren a pescadores ,/noticias/judicial/12/presuntos-piratas-asaltan-embarcacion-y-hieren-a-pescadores,07 de marzo de 2015 11:53,"Este mañana fue ingresado a la sala de emergencia del hospital Delfina Torres, el pescador artesanal Ermison Bailón (60 años de edad), quien resultó herido por el asalto a su embarcación en Esmeraldas."
162,Libia: 9 muertos en asalto a un hotel en Trípoli,/noticias/mundo/8/estado-islamico-reivindica-asalto-a-un-hotel-en-libia,27 de enero de 2015 11:03,"Al menos cinco extranjeros murieron este martes abatidos por hombres armados que habían asaltado un conocido hotel en Trípoli, indicó un portavoz de la seguridad libia, que no pudo precisar sus nacionalidades."
163,Un hombre tomó 2 rehenes en asalto a joyería en Montpellier ,/noticias/mundo/8/un-hombre-tomo-2-rehenes-en-asalto-a-joyeria-en-montpellier,09 de enero de 2015 13:11,"Dos personas fueron tomadas como rehenes este viernes por un hombre armado, durante el asalto a una joyería del centro de Montpellier (sur de Francia), informó el fiscal Christophe Barret."
164,Cámara de seguridad captó el robo a personas en un cajero,/noticias/judicial/12/camara-de-seguridad-capto-el-robo-a-personas-en-un-cajero,03 de enero de 2015 00:00,"Eran las 03:00 del 1 de enero de 2015. Dos hombres estaban junto a un cajero automático situado afuera de un centro comercial ubicado en las calles Guerrero Martínez y calle A, en el sector de Cristo del Consuelo, sur de Guayaquil. "
165,Ladrones abandonaron el botín,/noticias/judicial/12/ladrones-abandonaron-el-botin,27 de febrero de 2014 00:00,"Cubriendo sus rostros con medias de nailon, dos individuos armados ingresaron a un local de comidas rápidas, ubicado en las calles Chimborazo y 9 de Octubre, en el centro de Guayaquil."
166,Fiscal es víctima de un nuevo asalto,/noticias/judicial/12/fiscal-es-victima-de-un-nuevo-asalto,29 de octubre de 2013 08:29,"La fiscal del Guayas, Margarita Neira, fue asaltada anoche a pocas cuadras de su domicilio. La funcionaria iba a bordo de su vehículo por el suburbio de Guayaquil, cuando fue interceptada por antisociales que se movilizaban en moto."
167,Un británico detenido en Nairobi tras el asalto al centro comercial,/noticias/mundo/8/un-britanico-detenido-en-nairobi-tras-el-asalto-al-centro-comercial,25 de septiembre de 2013 09:02,"El Ministerio de Asuntos Exteriores del Reino Unido confirmó la detención de un británico en Kenia, pero no ha precisado si está relacionado con el asalto al centro comercial de Nairobi, en el que murieron varias decenas de personas."
168,Al Shabab dice que 137 rehenes murieron en asalto en Nairobi,/noticias/mundo/8/al-shabab-dice-que-137-rehenes-murieron-en-asalto-en-nairobi,25 de septiembre de 2013 07:00,"La milicia radical islámica Al Shabab aseguró este miércoles que un total de 137 rehenes han perdido la vida durante su asalto al centro comercial Westgate, en Nairobi."
175,Presidente de Kenia declara el fin de la ocupación del centro comercial,/noticias/mundo/8/mueren-tres-soldados-tras-enfrentamientos-con-los-asaltantes-de-nairobi,24 de septiembre de 2013 12:00,"Tras cuatro días de asedio por parte del Ejército de Kenia, la ocupación del centro comercial de Nairobi asaltado el pasado sábado por islamistas concluyó hoy con un balance de al menos 72 muertos, pero todo apunta a que la cifra final será mayor."
176,Fuerzas kenianas controlan centro comercial de Nairobi,/noticias/mundo/8/asalto-de-nairobi-a-punto-de-acabar-segun-gobierno-keniano,23 de septiembre de 2013 16:49,"Las fuerzas kenianas controlan ahora el centro comercial Westgate de Nairobi, tomado por asalto el sábado por un comando islamista afiliado a los insurgentes somalíes shebab, afirmó este lunes el ministro keniano del Interior."
177,Equipo especial tras los asaltantes del banco Procredit,/noticias/judicial/12/equipo-especial-tras-los-asaltantes-del-banco-procredit,13 de septiembre de 2013 00:00,"Tomando como base los registros y detalles observados en el análisis de los videos entregados por el  ECU-911 y por el ente crediticio afectado en el asalto del martes pasado, un equipo especial conformado por la Policía Nacional comenzó la búsqueda de los sospechosos."
178,La Policía impide asalto en un banco en Vinces,/noticias/judicial/12/la-policia-impide-asalto-en-un-banco-en-vinces,09 de agosto de 2013 00:00,Delincuentes intentaron asaltar ayer el Banco de Guayaquil en Vinces (Los Ríos). Un empleado de la entidad fue plagiado horas antes y los sujetos le pusieron un supuesto chaleco explosivo para obligarlo a colaborar.
179,Un sujeto fue detenido en instantes en que asaltaba a una mujer,/noticias/judicial/12/un-sujeto-fue-detenido-en-instantes-en-que-asaltaba-a-una-mujer,20 de julio de 2013 00:00,"Miembros del Escuadrón de Carreteras aprehendieron a Rolando C., de 25 años, al ser sorprendido cuando amedrentaba a una mujer con un cuchillo para arrebatarle sus pertenencias, en la cooperativa Nueva Luz, vía a Yaguachi.  "
180,Municipio denuncia asalto en la Terminal de Víveres,/noticias/guayaquil/2/municipio-denuncia-asalto-en-la-terminal-de-viveres-2,17 de junio de 2013 00:00,"El Municipio de Guayaquil denunció, a través de su página web, varios actos delictivos cometidos en la Terminal de Transferencia de Víveres (TTV), a partir de las 04:50 de ayer y perpetrados por un grupo de personas que fue identificado como comerciantes minoristas."
181,Frustran asalto a pasajeros de un bus al noroeste de Guayaquil,/noticias/judicial/12/frustran-asalto-a-pasajeros-de-un-bus-al-noroeste-de-guayaquil,29 de marzo de 2013 00:00,"Cuatro sujetos armados, uno de ellos con una subametralladora de fabricación artesanal, se encontraban ayer robando un bus de la línea 66B cuando fueron neutralizados por miembros de la Policía Nacional."
182,Desarticulan una banda que robaba en buses,/noticias/judicial/12/desarticulan-una-banda-que-robaba-en-buses,18 de febrero de 2013 00:00,Eran los últimos minutos de oscuridad. El alba empezaba a hacer su aparición y varias personas se dirigían a sus labores cotidianas.
183,Secuestro en Argelia terminó con al menos 23 rehenes y 32 terroristas muertos,/noticias/mundo/8/secuestro-en-argelia-termino-con-al-menos-7-rehenes-y-11-terroristas-muertos,19 de enero de 2013 14:31,"El Ministerio del Interior de Argelia informó que al menos 23 rehenes y 32 terroristas murieron en la operación lanzada por el Ejército en la planta de gas de In Amenas, sureste de ese país."
184,Hombre es asesinado por oponerse a asalto y robo en bus,/noticias/judicial/12/hombre-es-asesinado-por-oponerse-a-asalto-y-robo-en-bus,17 de enero de 2013 00:00,"Carlos Mendoza tenía 300 dólares en uno de los bolsillos de su pantaloneta. Al ser quincena, bien podría haber sido el dinero recibido por su trabajo, pero el hombre no pudo disfrutarlo, ya que fue asesinado por oponerse a un robo. "
191,Intervención de ciudadano frustra robo a depositantes,/noticias/judicial/12/intervencion-de-ciudadano-frustra-robo-a-depositantes,08 de enero de 2013 00:00,"Una pareja fue sorprendida, la mañana de ayer, por delincuentes que se movilizaban en motocicletas, en momentos que se disponían a realizar un depósito en la agencia del Banco Pichincha, en las calles 6 de Diciembre y Portugal, en Quito."
192,Se reporta intento de asalto en agencia bancaria al norte de Quito,/noticias/judicial/12/se-reporta-intento-de-asalto-en-agencia-bancaria-al-norte-de-quito,07 de enero de 2013 13:05,"Una balacera se registró cerca del mediodía en las inmediaciones de una agencia del Banco Pichincha, ubicada en la av. 6 de Diciembre y Portugal, en el norte de Quito."
193,Policía investiga a falso agente que intentaba cometer un asalto,/noticias/judicial/12/policia-investiga-a-falso-agente-que-intentaba-cometer-un-asalto,29 de diciembre de 2012 00:00,"Agentes de Policía Judicial del Guayas investigan a Carlos Alberto Peñafiel Valdez, alias “Mística”, quien el pasado 26 de diciembre fue detenido por vestir un uniforme de la Policía."
194,Policía es herido de bala mientras intentaba impedir un delito,/noticias/judicial/12/policia-es-herido-de-bala-mientras-intentaba-impedir-un-delito,12 de diciembre de 2012 00:00,"En su intento de neutralizar a un grupo de delincuentes, que habría cometido un asalto y robo a varios transeúntes, un policía resultó herido en una de sus piernas como resultado de la balacera registrada en la ciudadela Huancavilca, en el sur de Guayaquil."
195,"En Esmeraldas, asaltan bus y dejan un muerto y un herido",/noticias/judicial/12/en-esmeraldas-asaltan-bus-y-dejan-un-muerto-y-un-herido,04 de diciembre de 2012 00:00,"El asalto a un bus de la cooperativa Alonso de Illescas, en Esmeraldas, dejó un muerto, un herido, un presunto delincuente detenido y un operativo policial que se prolongó hasta el mediodía de ayer al sur de la ciudad."
196,Declaran culpables a dos implicados en asalto a blindado,/noticias/regional-sur/2/declaran-culpables-a-dos-implicados-en-asalto-a-blindado,07 de noviembre de 2012 00:00,"Arturo Francisco Suárez Olivo, de 18 años, y Danny Patricio Vargas Simbaña, de 22, fueron declarados culpables del frustrado asalto al blindado de la compañía Tevsur donde murió un guardia de esa empresa."
197,Desarticulan a presunta banda dedicada al robo y asalto en agencias bancarias en Guayaquil,/noticias/judicial/12/desarticulan-a-presunta-banda-dedicada-al-robo-y-asalto-en-agencias-bancarias-en-guayaquil,02 de noviembre de 2012 00:00,"Agentes de la Policía Judicial del Guayas (PJ-G) investigan por presunto asalto y robo modalidad sacapintas, a Jenny Jessenia Z., de 32 años. Mónica Gabriela O., de 28; y Sergio Ricardo H., de 33."
198,Asalto en agencia del Banco de Machala deja una víctima,/noticias/judicial/12/asalto-en-agencia-del-banco-de-machala-deja-una-victima,05 de septiembre de 2012 13:27,"Hoy se registró un asalto a una agencia del Banco de Machala en Ambato, según informó la cadena televisiva Ecuavisa. Según el informe los delincuentes huyeron en una moto, pero en su precipitada carrera se atravesaron otros motorizados. Aparentemente, los delincuentes dispararon contra este grupo, lo que dio como resultado un muerto."
199,Canciller reitera que la posibilidad de un “asalto” está en pie,/noticias/informacion-general/1/canciller-reitera-que-la-posibilidad-de-un-asalto-esta-en-pie,19 de agosto de 2012 00:00,"El riesgo de que las autoridades del Reino Unido ingresen a la embajada de Ecuador en Londres para detener al fundador de WikiLeaks, el australiano Julian Assange, aún se mantiene, según declaraciones del canciller Ricardo Patiño publicadas ayer."
200,Fiscalía identificó a la líder del frustrado asalto en Loja,/noticias/regional-sur/2/fiscalia-identifico-a-la-lider-del-frustrado-asalto-en-loja,27 de julio de 2012 00:00,"Como Blanca Nimea Calva Vega fue identificada la mujer que lideró la balacera de la tarde del lunes en Loja, cuando intentaron robar $270 mil a un vehículo blindado."
207,Una mujer inició disparos en asalto frustrado en Loja,/noticias/regional-sur/2/una-mujer-inicio-disparos-en-asalto-frustrado-en-loja,25 de julio de 2012 00:00,"En pocos minutos, la Policía y guardias privados frustraron el asalto a un carro blindado la tarde del lunes, en la ciudad de Loja. Seis delincuentes, entre ellos una mujer, trataron de sustraerse $ 72 mil a los celadores de la empresa Tevsur, que retiraban de la agencia Servipagos, ubicada en las calles Bernardo Valdivieso y 10 de Agosto."
208,La Policía ofrece recompensa para ubicar a asaltantes de mall,/noticias/judicial/12/la-policia-ofrece-recompensa-para-ubicar-a-asaltantes-de-mall,21 de junio de 2012 00:00,"La localización y captura de los antisociales que arremetieron, la tarde del lunes anterior, a los guardias de seguridad de la empresa transportadora de valores Tevcol en el interior del centro comercial Quicentro Shopping, al sur de la capital, se han convertido en prioridad para la institución policial."
209,Pillos tiran a matar en el mall,/noticias/judicial/12/pillos-tiran-a-matar-en-el-mall,20 de junio de 2012 00:00,"Una persona muerta y seis    heridos (tres guardias de seguridad  de la empresa transportadora de valores Tevcol   y  tres mujeres)  fue el resultado del intento de robo a un blindado registrado, la tarde del lunes, dentro del centro comercial Quicentro Sur. Las cámaras instaladas en los pasillos del  establecimiento   revelan cómo  los custodios    fueron emboscados  por delincuentes en momentos   que trasladaban  alrededor de 80.000 dólares del Banco   Pichincha y Banco Promérica."
210,Un muerto en asalto en centro comercial de Quito,/noticias/judicial/12/un-muerto-en-asalto-en-centro-comercial-de-quito,18 de junio de 2012 20:35,"Cerca de las 18:00 de este lunes, un grupo de delincuentes fuertemente armados asaltaron el carro blindado del banco Proamérica, ubicado en el centro comercial Quicentro Sur en Quitumbe."
211,Reacción de guardia evita robo en estación,/noticias/judicial/12/reaccion-de-guardia-evita-robo-en-estacion,11 de mayo de 2012 00:00,"Eran cerca de  las seis de la mañana de ayer cuando dos sujetos -fingiendo ser pasajeros- intentaron robar el dinero del pasaje recaudado en la parada de la Metrovía, ubicada en el kilómetro 3 ½ de la avenida Carlos Julio Arosemena (a la altura del Colegio 28 de Mayo)."
212,Guardias impiden un nuevo asalto a agencia del Banco de Fomento,/noticias/judicial/12/guardias-impiden-un-nuevo-asalto-a-agencia-del-banco-de-fomento,08 de mayo de 2012 00:00,"Una ráfaga de fuego sorprendió a decenas de personas que ayer  transitaban por los alrededores del Banco  Nacional de Fomento (BNF), en las calles  Diez  de Agosto y Antonio Ante, en el centro-norte de Quito.  A las 8:55, seis antisociales vestidos con uniformes de la Policía Metropolitana y otros como  estudiantes del colegio Mejía, sorprendieron a la seguridad un vehículo blindado de la empresa Tevcol que llegó hasta la entidad  para recoger dinero."
213,Delincuentes asaltan con gases lacrimógenos a cliente de banco en Guayaquil ,/noticias/guayaquil/2/delincuentes-asaltan-con-gases-lacrimogenos-a-cliente-de-banco-en-guayaquil,07 de mayo de 2012 12:05,"Alrededor de las 11:00 se registró un intento de asalto en las escaleras electricas del CC. Unicentro, cuando al parecer uno de los clientes subía al banco con un portafolio  donde aparentemente tenía $40.000"
214,Delincuentes utilizan una vía fluvial para cometer asaltos,/noticias/judicial/12/delincuentes-utilizan-una-via-fluvial-para-cometer-asaltos,04 de mayo de 2012 00:00,"Fingiendo ser empleados de la empresa Pronaca, cinco antisociales irrumpieron en la sucursal del Banco Pichincha, ubicada al interior de la empresa procesadora de alimentos, para sustraer aproximadamente 30 mil dólares."
215,Cinco sujetos asaltaron agencia bancaria y se llevaron USD 30 mil,/noticias/judicial/12/cinco-sujetos-asaltaron-agencia-bancaria-y-se-llevaron-usd-30-mil,03 de mayo de 2012 08:36,"Cinco sujetos asaltaron la noche del miércoles una sucursal del Banco del Pichincha, ubicada al interior de la empresa procesadora de alimentos Pronaca, en la vía a Daule.William Ramos, de la Policía Nacional, explicó que los sospechosos llegaron por el río en canoa a la parte posterior de la compañía, hicieron un agujero en una de las paredes con un combo y se dirigieron a la ventanilla del banco y se llevaron lo recaudado en el día, aproximadamente 30 mil dólares."
216,Sospechosos de asalto en farmacia están tras las rejas,/noticias/judicial/12/sospechosos-de-asalto-en-farmacia-estan-tras-las-rejas,03 de mayo de 2012 00:00,"Tres sujetos acusados de asaltar la farmacia Cruz Azul, ubicada en las calles Baquerizo Moreno y Loja, en el centro de Guayaquil, fueron detenidos la noche del martes por elementos de la Policía Nacional."
223,Delincuentes armados asaltan a empleados del departamento de Circulación de Editogran S.A.,/noticias/judicial/12/delincuentes-armados-asaltan-a-empleados-del-departamento-de-circulacion-de-editogran-sa,11 de abril de 2012 00:00,"Un asalto a mano armada se registró la tarde de ayer en la puerta de acceso a las instalaciones de Editogran S.A., ubicadas en el kilómetro 1,5 de la avenida Carlos Julio Arosemena."
224,Juan Cazares sufrió asalto en Argentina,/noticias/deportes/7/juan-cazares-sufrio-asalto-en-argentina,06 de abril de 2012 14:38,"El joven ecuatoriano Juan Cazares, jugador de River Plate de Argentina, sufrió un secuestro express junto a su compañero Daniel Keko Villalba. Los jugadores fueron interceptados por tres delincuentes armados en la autopista que los llevaba al predio de entrenamiento que la institución tiene en Ezeiza.Los asaltantes le robaron el auto, un Volskwagen Fox color negro que pertencía al jugador argentino, dinero y otras pertenencias y dejaron tirados a ambos futbolistas en la localidad de Cañuelas.Cazares y su compañero Villalba tuvieron que pedir ayuda al pie de una carretera y fueron auxiliados por un conductor que los reconoció y los llevó hasta el lugar de entrenamiento del equipo.Al conocer la noticia, el entrenador Matías Almeyda retrasó el entrenamiento y liberó al jugador para que pudiera realizar la denuncia en la policía, lo que hizo acompañado por el jefe de seguridad de River."
225,Menores son acusados de asaltar bus de la Metrovía,/noticias/judicial/12/menores-son-acusados-de-asaltar-bus-de-la-metrovia,03 de abril de 2012 00:00,"Un  asalto   se registró ayer  en un alimentador de la Metrovía que recorría el sector  Las Orquídeas, por Mucho Lote, al norte de Guayaquil."
226,Francia: sospechoso de atentados murió en asalto policial ,/noticias/mundo/8/francia-sospechoso-de-atentados-murio-en-asalto-policial,22 de marzo de 2012 07:15,"Mohamed Merah, autor confeso de varios atentados en el sur de Francia, murió este jueves durante el asalto de la Policía al domicilio donde se encontraba atrincherado desde hace más de 32 horas, en el barrio de Cote Pavée de la ciudad Toulouse."
227,Banda asalta agencia del BNF en la provincia de Los Ríos,/noticias/judicial/12/banda-asalta-agencia-del-bnf-en-la-provincia-de-los-rios,29 de febrero de 2012 00:00,"Diez sujetos fuertemente armados irrumpieron, cerca de las 19:00 del lunes  pasado, en una  sucursal del Banco Nacional de Fomento (BNF)  en Vinces, provincia de Los Ríos. Según datos preliminares, unos 90.000 dólares habrían sido  sustraídos  en el atraco. "
228,Mujer se debate entre la vida y la muerte tras asalto en bus,/noticias/judicial/12/mujer-se-debate-entre-la-vida-y-la-muerte-tras-asalto-en-bus,08 de febrero de 2012 00:00,"Durante un asalto y robo en el bus de la línea 57, dos individuos armados hirieron de bala a cuatro personas y una de ellas está en estado de coma."
229,Pillos simularon ser agentes durante un atraco en Salinas,/noticias/judicial/12/pillos-simularon-ser-agentes-durante-un-atraco-en-salinas,30 de diciembre de 2011 00:00,"Cuatro    sujetos  vestidos de civil y con chalecos similares a los de la   Policía Judicial (PJ)  irrumpieron  -la mañana del martes-  en el edificio El Tiburón, del sector Chipipe (Salinas). Eran cerca de las  07:30   cuando     los  individuos llegaron al lugar fuertemente armados y  en busca de un ciudadano colombiano."
230,Un robo en tricimoto fue juzgado ayer por tribunal,/noticias/judicial/12/un-robo-en-tricimoto-fue-juzgado-ayer-por-tribunal,22 de diciembre de 2011 00:00,"Dos de los tres implicados en el robo a mano armada - mediante el uso de  una tricimoto-   fueron declarados culpables. Héctor Fortunato Mora Pérez y Charly Luciano Pérez Pérez recibieron el veredicto del Tribunal Cuarto de Garantías Penales del Guayas luego de finalizada la audiencia de juzgamiento, realizada ayer en la mañana."
231,Hampones irrumpieron en restaurante y casa de salud,/noticias/judicial/12/hampones-irrumpieron-en-restaurante-y-casa-de-salud,22 de diciembre de 2011 00:00,"El Instituto de Neurociencias de la Junta de Beneficencia de Guayaquil (conocido también como el hospital Lorenzo Ponce) fue blanco de un asalto y robo, la mañana de ayer,  por cuatro antisociales  armados. Según el parte policial,  los delincuentes rompieron una de las ventanillas con un martillo para posteriormente sustraer todo el dinero que había en la caja registradora."
232,Delincuentes asaltan banco disfrazados como empleados de Dinadec,/noticias/judicial/12/delincuentes-asaltan-banco-disfrazados-como-empleados-de-dinadec,08 de diciembre de 2011 00:00,"Momentos de terror vivieron ayer los empleados de la  agencia del Banco del Pacífico, ubicada en el interior de  las instalaciones de Dinadec, empresa dedicada a la distribución y venta de los productos de Cervecería Nacional, que presenciaron el asalto y robo cometido   a manos de una banda de antisociales."
239,La Policía Nacional Frustra asalto a blindado en la carretera que une a Esmeraldas con Quinindé,/noticias/judicial/12/la-policia-nacional-frustra-asalto-a-blindado-en-la-carretera-que-une-a-esmeraldas-con-quininde,13 de septiembre de 2011 00:00,"Nueve delincuentes armados   intentaron asaltar   un blindado de la empresa de valores Vaserum, que transportaba dinero a una agencia bancaria de Esmeraldas."
240,Prisión preventiva para presuntos implicados en robo a domicilio de fiscal,/noticias/judicial/12/prision-preventiva-para-presuntos-implicados-de-asalto-a-fiscal,02 de septiembre de 2011 11:22,"El juez (e) del juzgado 18 de lo Penal de Durán, Franklin Ortiz, dictó la prisión preventiva para tres presuntos implicados en el asalto al domicilio de la agente fiscal Isabel Álvarez, ocurrido ayer en la urbanización Ciudad Celeste, en la vía a Samborondón."
241, Dos presuntos asaltantes fueron detenidos en el norte de la urbe,/noticias/judicial/12/dos-presuntos-asaltantes-fueron-detenidos-en-el-norte-de-la-urbe,01 de septiembre de 2011 00:00,"Como Horacio Andrade Noriega y Josué Haro Andrade  fueron identificados los dos sujetos que la Policía detuvo, la mañana de ayer, en presunto delito flagrante."
242,Presuntos hampones se estrellaron cuando huían,/noticias/judicial/12/presuntos-hampones-se-estrellaron-cuando-huian,27 de julio de 2011 00:00,"Tres sujetos resultaron heridos tras asaltar, la madrugada de ayer, la gasolinera Primax, ubicada en la avenida Francisco de Orellana, en el norte de Guayaquil. El hecho se dio cuando los individuos  que se movilizaban en un automóvil color verde, se estrellaron contra una vivienda al huir de la Policía que los seguían luego de cometer el asalto."
243,Ocho hombres detenidos tras asaltar una institución de Ahorro y Crédito,/noticias/judicial/12/ocho-hombres-detenidos-tras-asaltar-una-institucion-de-ahorro-y-credito,13 de julio de 2011 13:34,Ocho hombres fueron detenidos que intentaron asaltar la Cooperativa de Ahorro y Crédito La Minga en Guayaquil.
244,"“Spiderman” criollo, nuevamente capturado",/noticias/judicial/12/spiderman-nuevamente-capturado,06 de julio de 2011 08:53,"El delincuente conocido como “Spiderman” (hombre araña) fue detenido por la Policía cuando intentaba sustraer los bienes de un estudio jurídico ubicado entre las calles Machala y Ayacucho, al sur de la ciudad de Guayaquil."
245,Asaltan bus de la Moderna Sergio Pérez Valdés en Samborondón,/noticias/judicial/12/asaltan-bus-de-la-moderna-sergio-perez-valdes,04 de julio de 2011 14:20,Un grupo de cerca de 40 estudiantes de la Moderna Sergio Pérez Valdés fueron asaltados mientras viajaban en la parróquia Tarifa del cantón Samborondón este sábado.
246,Policía es asaltado en un bus,/noticias/judicial/12/policia-asaltado-en-un-bus,29 de junio de 2011 14:40,"Dentro de un bus, a la altura de la ciudadela La Garzota (norte de Guayaquil), tres sujetos abordaron el transporte y empezaron a robar a los pasajeros."
247,Sujetos detenidos tras robar un local de bingo en Guayaquil,/noticias/judicial/12/sujetos-detendidos-tras-robar-un-local-de-bingo-en-el-centro-de-guayaquil,23 de junio de 2011 10:11,"En el centro de Guayaquil, en la intersección de las avenidas 9 de Octubre y Boyacá, intentaron robar un local donde se juega bingo."
248,Tres menores de edad detenidos en Guayaquil,/noticias/judicial/12/tres-menores-de-edad-detenidos-por-asalto-a-un-transporte-urbano,23 de junio de 2011 09:32,Cuatro sujetos intentaron robar el bus de la línea 70 mientras circulaba por la vía del Terminal de Terrestre de Pascuales en el norte de la ciudad de Guayaquil.
255,Hombre se lanzó de transporte público para evitar atraco,/noticias/judicial/12/hombre-se-lanzo-de-transporte-publico-para-evitar-atraco,21 de junio de 2011 11:23,"El sujeto identificado como Marco se encontraba semiinconsciente cuando lo encontraron en medio las calles Octava y Venezuela, en el oeste de Guayaquil."
256,Asaltan a 40 inmigrantes centroamericanos en México,/noticias/mundo/8/asaltan-a-40-inmigrantes-centroamericanos-en-el-sur-de-mexico,16 de junio de 2011 14:35,"Unos 40 migrantes centroamericanos y sus custodios fueron atracados por un grupo de encapuchados cuando viajaban en un autobús por el sureste de México, informaron hoy fuentes oficiales. El robo se registró el miércoles cuando los indocumentados, interceptados en distintos operativos en el sureste el país cuando viajaban con rumbo a Estados Unidos, eran trasladados por dos agentes de migración de Tenosique, en el estado de Tabasco, hacia Tapachula, Chiapas. De acuerdo con fuentes policiales, sujetos armados y con los rostros cubiertos detuvieron el autobús y amagaron a los pasajeros, conductores y custodios para que entregaran todas sus pertenencias. Los agentes del Instituto Nacional de Migración (INM) presentaron en Tuxtla Gutiérrez, capital del estado de Chiapas, la denuncia por el atraco y pidieron un cambio en la estrategia de traslado de los inmigrantes en los próximos días."
257,Miembros de presunta banda delictiva caen tras asaltar empacadora de camarones,/noticias/judicial/12/miembros-de-presunta-banda-delictiva-caen-tras-asaltar-empacadora-de-camarones,13 de junio de 2011 00:00,"Un grupo de supuestos delincuentes  fue capturado, el sábado último, tras asaltar la empacadora de camarones Defarana, ubicada en la Av. Juan Tanca Marengo, a la altura del Colegio Americano, al norte de Guayaquil, por  el sector del Fortín, en el prostíbulo “Obsesión”."
258,Policía detiene a supuesto menor que asaltó un bus,/noticias/judicial/12/policia-detiene-a-supuesto-menor-que-asalto-un-bus,07 de junio de 2011 12:22,"La policía detuvo a un sujeto que asaltó a un bus de la línea 128, alrededor de las 6:00 de esta mañana, en las calles 17 y Sedalana."
259,Asaltantes disparan a un hombre que se resiste al atraco en Guayaquil ,/noticias/judicial/12/asaltantes-disparan-a-un-hombre-que-se-resiste-al-atraco-en-el-norte-de-guayaquil,02 de junio de 2011 11:25,Javier Naranjo salía a las 2:00 de una discoteca en la cuarta etapa de la Alborada cuando dos sujetos se le acercaron con intención de asaltarle.
260,Agencia de Servipagos fue asaltada anoche en Portoviejo,/noticias/judicial/12/agencia-de-servipagos-fue-asaltada-anoche-en-portoviejo,01 de junio de 2011 09:19,"Una agencia de Servipagos de la ciudad de Portoviejo, provincia de Manabí, fue asaltada anoche por varios sujetos que tras el atraco lanzaron una alerta de bomba falsa para poder huir."
261,Pasajeros de un bus interprovincial fueron asaltados,/noticias/judicial/12/pasajeros-de-un-bus-interprovincial-fueron-asaltados,31 de mayo de 2011 08:49,"Al menos cuarenta pasajeros que viajaban desde Guayaquil hacia Quito, en un bus de la cooperativa Transportes Ecuador, fueron víctimas de un asalto la madrugada de este martes."
262,Jóvenes capturados por asaltar buses,/noticias/judicial/12/jovenes-capturados-por-asaltar-buses,24 de mayo de 2011 12:44,"Ayer, dos adolescentes de 16 años y 18 años fueron detenidos por la policía depués de que asaltaran a los pasajeros de la línea 143 de bus a la altura de Samanes en la ciudad de Guayaquil. Los jovenes utilizaron un chillo para amedrentar a los usuarios de quienes se llevaron celulares, joyas y dinero. “Amenazaban con matarnos” dijo uno de los afectados por el crímen que estaba denunciando en la Fiscalía el hecho delictivo. Un tercer cómplice logró escapar."
263,Justicia bielorrusa condena a ex candidato presidencial ,/noticias/mundo/8/justicia-bielorrusa-condena-a-ex-candidato-presidencial,14 de mayo de 2011 12:25,"La Justicia de Bielorrusia, país considerado como la última dictadura de Europa, condenó este sábado a cinco años de cárcel al ex candidato presidencial, Andréi Sánnikov, acusado de organizar el asalto a la sede del Gobierno en la noche electoral. Según la Fiscalía, Sánnikov fue uno de los instigadores de los violentos disturbios contra el fraude electoral que estallaron en la capital bielorrusa, Minsk, tras los comicios presidenciales del pasado 19 de diciembre. De poco sirvió que la abogada del opositor, Marina Kovalévskaya, dijera que la acusación ""no había presentado ni una sola prueba convincente de que Sánnikov tuviera en mente organizar los desórdenes masivos"", según las agencias rusas. Sánnikov, el segundo candidato más votado en los comicios presidenciales con un 2,56 por ciento de los sufragios y que lleva cinco meses en un centro de detención del KGB, fue condenado por el tribunal del distrito Partizánski de Minsk a cinco años de prisión en una cárcel de máxima seguridad. El opositor, que fue detenido en la noche electoral junto a varios centenares de opositores al régimen, fue acusado según la cláusula primera del artículo 293 del código penal (organización de disturbios masivos), lo que podría haberle costado una pena de cárcel de hasta 15 años. ""Sánnikov, en connivencia con otros individuos, organizó disturbios masivos acompañados de pogromos, destrucción de mobiliario urbano, violencia y resistencia armada a la autoridad"", afirmó el fiscal Antón Zagorovski. La acusación añade que el ex candidato ""llamó a cometer acciones encaminadas a tomar por la fuerza los edificios de los organismos estatales"". Según la Fiscalía, Sánnikov manipuló a los manifestantes, en su mayoría jóvenes, para lograr su objetivo final, que era asaltar la sede del Gobierno. Como prueba acusatoria, el fiscal presentó los testimonios de otros candidatos, como Vitali Rimashevski, que supuestamente intentó conminar a Sánnikov a tomar medidas para frenar los enfrentamientos entre la oposición y las fuerzas del orden. El presidente bielorruso, Alexandr Lukashenko, que fue reelegido con casi el 80 por ciento de los votos, calificó los disturbios electorales de intento de golpe de Estado y adelantó que la oposición sería castigada con todo el peso de la ley pese a las presiones occidentales. Además, tras el reciente atentado terrorista contra el metro de Minsk, en el que la oposición no tuvo nada que ver, según el propio KGB, Lukashenko prometió aniquilar la ""quinta columna"" de la oposición. ""Nosotros mismos somos culpables de lo que ocurre. En vísperas de los comicios presidenciales democratizamos todo hasta el punto de que, no sólo a ustedes, sino hasta a mí me dieron náuseas. Había tanta democracia que daban ganas de vomitar"", dijo. La Unión Europea y Estados Unidos, que impusieron sanciones contra el régimen bielorruso por la represión de la oposición, han amenazado con aislar al país si no libera de inmediato a todos los presos políticos. Mientras, la abogada de Sánnikov, que tiene diez días para presentar una apelación, aseguró hoy que recurriría el fallo, que calificó de ""ilegal"" e ""infundado"". Sánnikov, que siempre defendió su inocencia y la de los otros candidatos a la espera de juicio, calificó de ""absurdas las acusaciones"". ""El proceso sobre los eventos del 19 de diciembre y mi caso penal son un reflejo del temor del poder ante los cambios inevitables que se avecinan"", dijo. El candidato aseguró que su condena es ""una venganza política"" contra un candidato que atacó duramente a Lukashenko, en el poder desde 1994, pero que ""es partidario de acciones absolutamente no violentas"". El tribunal también sentenció hoy a otros cuatro opositores a entre 3 y 3 años y medio de cárcel por participar en los disturbios, con lo que ya son 23 los condenados a prisión desde que comenzaran los procesos judiciales el pasado 1 de marzo. El próximo 16 de mayo se conocerá también la condena contra la periodista Irina Jalip, esposa de Sánnikov, que se encuentra en arresto domiciliario y contra la que la fiscalía pide dos años de cárcel. A la espera de juicio se encuentran otros cuatro candidatos, Nikolái Statkévich, Vladímir Nekliáev, Dmitri Uss y Alexéi Mijalevich -este último huyó al extranjero-, y el veterano líder opositor Alexandr Lebedkó. ""Las 40.000 personas que salieron a la calle tras los comicios presidenciales no lo hicieron para romper cristales, sino para pedir unas elecciones libres"", señaló recientemente a Efe Lebedkó. Y añadió: ""Enviaron un mensaje a las autoridades. Si éstas sólo ven a los quince que supuestamente instigaron los disturbios y no a los miles de manifestantes descontentos, entonces existe un problema"""
264,Asaltan cooperativa de ahorro en Cuenca,/noticias/judicial/12/asaltan-cooperativa-de-ahorro-en-cuenca,06 de abril de 2011 12:47,"Un asalto se registró esta mañana en la cooperativa de ahorro y crédito Integral, ubicada en el Control Sur de Cuenca. Se trata del segundo asalto en menos de una semana a una entidad financiera en esa ciudad."
271,Un detenido tras asalto a Radio Rumba ,/noticias/judicial/12/asalto-en-radio-rumba,06 de abril de 2011 10:32,"Cinco personas asaltaron esta mañana las instalaciones de Radio Rumba, ubicada en el primer piso del edificio Venecia, en las calles Chimborazo y Vélez, centro de Guayaquil."
