,titulo,link
0,Detienen a hombre que asaltó a periodista en vivo,/noticias/judicial/12/periodista-detencion-ladron-barcelona
1,En Machala roban a plena luz del día,/noticias/actualidad/44/en-machala-roban-a-plena-luz-del-dia
2,Un nuevo atraco en Quito quedó registrado en video,/noticias/actualidad/44/nuevo-asalto-robo-quito-registrado-video
3,Adolescente habría integrado una banda de asaltantes en Cuenca,/noticias/judicial/12/adolescente-habria-integrado-banda-asaltantes-cuenca
4,Fiscalía reporta el robo de fondos solidarios en el MIES,/noticias/sociedad/6/fiscalia-reporta-el-robo-de-fondos-solidarios-en-el-mies
5,Procesan a 12 personas de una banda delictiva que operaba en los mercados de Ambato,/noticias/judicial/12/fiscalia-procesa-presunta-banda-delincuencial-operaba-mercados-ambato
6,Casa de Paolo Rossi fue saqueada durante su funeral,/noticias/futbol-internacional/7/paolo-rossi-delincuencia-italia
7,La pareja del terror trató de fugar hacia Colombia a través de un paso clandestino,/noticias/judicial/12/ministro-gobierno-confirmo-captura-pareja-asaltantes-pizzeria
8,Pareja detenida por robo quedó en libertad al pagar $ 500,/noticias/judicial/12/prision-preventiva-pareja-que-asalto-puesto-comida
9,Policía recaptura a hombre que se fugó de la cárcel de Manabí hace cinco años,/noticias/judicial/12/policia-recaptura-carcel-manabi-profugo
10,Cuatro procesados son llamados a juicio por el asesinato de dirigente político,/noticias/justicia/12/cuatro-procesados-llamados-juicio-asesinato-dirigente-politico
11,Se abre audiencia para ocho implicados en el asesinato de Efraín Ruales,/noticias/justicia/12/audiencia-ocho-implicados-asesinato-efrainruales
12,Tres presuntos delincuentes fueron aprehendidos por robo de celular en el centro de Quito,/noticias/judicial/12/tres-presuntos-delincuentes-fueron-aprehendidos-por-robo-de-celular-en-el-centro-de-quito
13,Daniel Salcedo recibió una tercera condena de tres años,/noticias/justicia/12/danielsalcedo-recibio-tercera-condena-tres-anos-prision
14,Seis PPL fallecieron por amotinamiento en cárcel de Quevedo,/noticias/judicial/12/quevedo-registra-nuevo-amotinamiento
15,Desmantelada una banda una banda que robaba y vendía droga,/noticias/judicial/12/desmantelada-una-banda-una-banda-que-robaba-y-vendia-droga
16,Detenidos dos asaltantes que trataron de asesinar a un policía en Guayaquil,/noticias/judicial/12/detenidos-asaltantes-asesinar-policia-guayaquil
17,Robaba automóviles y luego extorsionaba a las víctimas para devolverles lo sustraído,/noticias/judicial/12/robaba-automoviles-extorsionaba-victimas-sustraido
18,Banda de hackers robaba dinero de cuentas bancarias en Quito,/noticias/judicial/12/banda-hackers-dinero-cuentas-bancarias-quito
19,Robo de computadoras en edificio de la Contraloría del Estado,/noticias/judicial/12/robo-computadoras-contraloria-estado
20,Con inhibidores de señal evitaban que camioneros asaltados pidan ayuda,/noticias/judicial/12/implicados-robos-asesinatos-camioneros-detenidos
21,Chofer de bus se desvió a escuela militar para evitar robo,/noticias/judicial/12/chofer-de-bus-se-desvio-a-escuela-militar-para-evitar-robo
22,Dos detenidos por extorsionar a mujer tras robo de moto,/noticias/judicial/12/detenidos-extorsion-mujer-robo-moto
23,Hombre falleció de un balazo en la cabeza por impedir un robo a su pareja,/noticias/judicial/12/robo-pareja
24,PPL de altísima peligrosidad fueron cambiados de centro de rehabilitación,/noticias/judicial/12/ppl-altisima-peligrosidad-centro-rehabilitacion
30,Dos extranjeros robaron joyas en centro comercial de Quito,/noticias/judicial/12/dos-extranjeros-joyas
31,El robo de pertenencias a Augusto Itúrburu sigue sin resolverse,/noticias/judicial/12/robo-pertenencias-augusto-iturburu
32,"Luchadores de UFC se solidarizan por ""robo"" a 'Chito' Vera",/noticias/otros-deportes/7/ufc-chito-vera-comentarios-yandong
33,Privados de libertad investigados por robo en bodega de productos de Regional Guayas,/noticias/judicial/12/privados-libertad-robo-bodega-productos-regional-guayas
34,Un adulto y un menor robaban bienes en una escuela de Ambato,/noticias/judicial/12/robo-escuela-ambato
35,27 sectores de Guayaquil afectados por robo de cables telefónico,/noticias/guayaquil/2/guayaquil-robo-cables-cnt
36,Gabarra con camarón fue saqueada dos veces en Guayaquil,/noticias/judicial/12/gabarra-con-camaron-fue-saqueada-dos-veces-en-guayaquil
37,Ecuatorianos denuncian robo de equipaje en vuelo humanitario,/noticias/judicial/12/robo-vuelo-humanitario
38,Coronarivus: Ladrones roban miles de mascarillas en Alemania,/noticias/mundo/8/coronarivus-ladrones-mascarillas-alemania
45,Roban más de $15 millones de un camión blindado en Chile,/noticias/mundo/8/robo-millones-camion-blindado-chile
46,"Detienen a ""La Chilena"", mujer que vació casa donde le dieron posada",/noticias/judicial/12/detenida-chilena-robo-casa-posada
47,"Siete procesados en Bolívar se robaron celulares, un vehículo y hasta un perro",/noticias/judicial/12/procesados-bolivar-robo-perro
48,Perú recuperó manuscrito inca escrito por un descendiente de Huayna Capac,/noticias/cultura/10/peru-recupero-manuscrito-inca-escrito-por-un-descendiente-de-huayna-capac
49,Delincuentes incendian cajero en centro de revisión vehicular de Capulispamba,/noticias/regional-sur/2/incendio-cajero-centro-revision-vehicular-capulispamba
50,"Por agujero, delincuentes entran a robar en entidad financiera",/noticias/judicial/12/agujero-robo-entidad-financiera
51,Retenidos cuatro sospechosos de robo en la Ecovía,/noticias/quito/2/sospechosos-robo-ecovia
52,Motorizado fue herido de bala durante robo en Guayaquil,/noticias/judicial/12/bala-robo-guayaquil
53,Ilegales pide ayuda para recuperar sus instrumentos en España,/noticias/carton-rock/1/ilegales-robo-instrumentos-espana
54,Roban datos bancarios de unos 29.000 empleados de Facebook,/noticias/mundo/8/roban-datos-bancarios-empleados-facebook
61,Adulta mayor murió en un robo en su casa en Guayaquil,/noticias/judicial/12/adulta-mayor-robo-guayaquil
62,Consumo de droga y robo de cajetines,/noticias/cartas-al-director/1/consumo-droga-robo-cajetines
63,Roban equipos tecnológicos de la final de la Libertadores,/noticias/futbol-internacional/7/roban-equipos-tecnologicos-libertadores
64,Una fuente radioactiva fue sustraída en el sur de Quito,/noticias/judicial/12/fuente-radioactiva-sustraida-quito
65,Tres procesados por robo y daños en la Contraloría,/noticias/judicial/12/procesados-robo-danos-contraloria
66,"Cabecilla de banda dedicada al secuestro, extorsión y asalto registra 17 detenciones",/noticias/judicial/12/cabecilla-banda-secuestro-extorsion-asalto-detenciones
67,"Información vulnerada de datos es responsabilidad del Estado, dice experto en seguridad",/noticias/tecnologia/6/informacion-vulnerada-datos-responsabilidad-estado-seguridad
68,"Policía desarticula 18 bandas delictivas, entre el jueves y el domingo",/noticias/judicial/12/policia-bandas-delictivas-detenidos
69,Tres estudiantes procesados por robo al no devolver dinero que hallaron en la calle,/noticias/judicial/12/estudiantes-robo-dinero-calle
70,Directora del Archivo Histórico confirmó la desaparición del Testamento de Eugenio Espejo,/noticias/cultura/10/desaparicion-testamento-eugenio-espejo
77,Partes robadas de carros se venden en tres sectores,/noticias/judicial/12/piezas-robadas-carros-ayacucho-cachineria
78,Policía frustra asalto a entidad bancaria en Naranjal,/noticias/judicial/12/amenaza-bomba-naranjal
79,La jueza que dejó libre a 8 procesados en caso Sinaí es separada de área penal,/noticias/judicial/12/jueza-procesados-caso-sinai-area-penal
80,Delincuentes disparan tras robar en panadería de Urdesa,/noticias/judicial/12/delincuentes-robo-panaderia-urdesa
81,Implicado en robo aseguró que Vanessa era cómplice,/noticias/judicial/12/robo-olga-vanessa-complicidad
82,Hacker roba datos de 106 millones de clientes del banco Capital One,/noticias/mundo/8/hacker-robo-datos-106-millones-clientes-banco-capital-one
83,Asaltante amenazó a cajera con foto de su casa y se llevó $6.000,/noticias/judicial/12/asaltante-amenazo-foto-casa-cajera-6000
84,"Kenig, investigado por robo de carros en Argentina, habla de difamación",/noticias/judicial/12/alejandrokenig-investigacion-robo-carros-argentina
85,Comerciantes de la plaza San Francisco son víctimas de robos,/noticias/regional-sur/2/comerciantes-plazasanfrancisco-victimas-robos
86,Policía desarticula banda dedicada al asalto y robo de automotores,/noticias/judicial/12/policia-desarticula-banda-robo-automotores
93,Detenido dijo que se llevó bicicleta de vigilante por confusión,/noticias/judicial/12/robo-bicicleta-vigilante-atm
94,Por un celular condenan a un hombre a 18 meses de cárcel en Ambato,/noticias/judicial/12/condena-hombre-ambato-robo-celular
95,Guardia fallece por herida de bala en robo de una camaronera,/noticias/judicial/12/guardia-fallece-robo-camaronera
96,Pertenencias de Salvador Allende fueron robadas en Chile,/noticias/mundo/8/pertenencias-allende-robo-chile
97,Parque inclusivo de Riobamba fue objeto de vandalismo y robo,/noticias/regional-centro/2/parqueinclusivo-riobamba-vandalismo-robo
98,En 77 días roban 86.165 celulares a nivel nacional,/noticias/judicial/12/celulares-robo-hurto-policia-fiscalia
99,Cuatro personas fueron detenidas por robar en locales de centro comercial,/noticias/judicial/12/cuatro-detenidos-robo-centro-comercial
100,Detenidos en España dos ancianos que atracaban bancos,/noticias/mundo/8/detenidos-espana-ancianos-asaltos-bancos
101,Hombre asesina de un tiro a vecino por supuesto robo de ropa interior,/noticias/judicial/12/asesinato-vecino-robo-ropainterior
102,Policía detiene a cuatro personas por robo en consulado de Venezuela,/noticias/judicial/12/policia-robo-consulado-venezuela
109,Asaltan en consulado de Venezuela de Guayaquil,/noticias/judicial/12/personas-armadas-consulado-venezuela-guayaquil
110,Operativos dejan varios detenidos por robo y extorsión,/noticias/judicial/12/operativos-detenidos-robo-extorsion
111,Delincuentes roban dinero de cajero automático recién habilitado,/noticias/judicial/12/delincuentes-cajeroautomatico-robo
112,2.408 denuncias de robo se receptan durante 2019,/noticias/judicial/12/denuncias-robo-policia-judicial-ecuador
113,Detenidos 16 vinculados a robo de entidad bancaria en Manta,/noticias/judicial/12/manta-detenidos-robo-entidadbancaria
114,Las FF.AA. detectan tubería para robar combustible estatal,/noticias/judicial/12/militares-tuberia-combustible
115,Reina de Quito denunció el robo de su celular,/noticias/judicial/12/reina-quito-robo-celular
116,Un millón de dólares sería el monto sustraído a entidad bancaria en Manta,/noticias/judicial/12/millon-dolares-robo-entidadbancaria-manta
117,Robo a un banco se registró en centro comercial de Manta,/noticias/judicial/12/robo-banco-manta
118,Agentes frustraron robo de $ 10.000 en local de lotería al sur de Guayaquil,/noticias/judicial/12/robo-frustado-loteria-guayaquil
125,Ciudadano fue detenido cuando robaba partes de paradero urbano en Guayaquil,/noticias/judicial/12/detenido-robo-paradero-urbano
126,Policía desarticula banda dedicada a robo de locales comerciales en Manta,/noticias/judicial/12/banda-desarticulacion-robo-localescomerciales-manta
127,Prisión preventiva para seis detenidos por robo en el norte de Guayaquil,/noticias/judicial/12/prision-preventiva-detenidos-robo-guayaquil
128,"Bandas dedicadas al robo, estafa y piratería marítima caen en megaoperativo",/noticias/judicial/12/bandas-robo-estafa-pirateriamaritima-megaimpacto11
129,Armada recupera en Esmeraldas una embarcación que fue robada en Manta,/noticias/judicial/12/armada-manabi-esmeraldas-robo
130,Sospechoso de robar en oficina de la CTE portaba un grillete,/noticias/judicial/12/sospechoso-robo-cte-dispositivo-rastreo
131,Plan “Vehículo Seguro” bajará el robo de autos,/noticias/judicial/12/plan-vehiculo-seguro-ecuador
132,"Sospechosos de crimen de mujer, tras las rejas",/noticias/judicial/12/femicidio-guayaquil-captura-sospechoso
133,Ladrón golpea amujer y le arrebata el celular,/noticias/judicial/12/asalto-celular-violencia-guayaquil
134,Roban datos de 92 millones de usuarios de la web genealógica MyHeritage,/noticias/tecnologia/6/myheritage-datos-robo
141,El Gobernador de Azuay denuncia robo de dinamita,/noticias/regional-sur/2/robo-dinamita-rio-blanco-azuay
142,Miembro de banda delictiva en Quito cuenta con 14 arrestos por robo,/noticias/judicial/12/integrante-banda-delictiva-quito-14-arrestos-robo
143,"Robaron el traje de ""Iron Man"", valorado en $ 325.000",/noticias/espectaculos/10/robo-traje-iron-man
144,Policía desarticula banda que robó $ 250.000 de banco en Guayaquil,/noticias/judicial/12/detenidos-robo-banco-guayaquil
145,Ladrones exigían hasta $ 300 por motos y $ 3.000 por carros robados,/noticias/judicial/12/robo-carros-extorsion-guayaquil
146,Estatua de Alberto Spencer no fue robada; está en mantenimiento,/noticias/guayaquil/2/estatua-de-alberto-spencer-no-fue-robada-esta-en-mantenimiento
147,Encuentran a dos niños que estaban en un taxi cuando fue hurtado en Ecuador,/noticias/judicial/12/encuentran-a-dos-ninos-que-estaban-en-un-taxi-cuando-fue-hurtado-en-ecuador
148,Operativo 'Impacto 68' deja 4 detenidos por robo y microtráfico,/noticias/judicial/12/operativo-impacto-68-deja-4-detenidos-por-robo-y-microtrafico
149,Policía recupera otras 11 computadoras de las robadas en una unidad educativa,/noticias/judicial/12/policia-recupera-mas-computadoras-de-las-robadas-en-unidad-educativa
150,'Operativo 44' desarticuló a banda dedicada al robo en buses,/noticias/judicial/12/operativo-44-desarticulo-a-banda-dedicada-al-robo-en-buses
157,Cae banda de delincuentes que operaban en Cotopaxi y Pichincha,/noticias/judicial/12/cae-banda-de-delincuentes-que-operaban-en-cotopaxi-y-pichincha
158,"Hallan la botella de vodka ""más cara del mundo"", pero vacía",/noticias/mundo/8/hallan-la-botella-de-vodka-mas-cara-del-mundo-pero-vacia
159,'Mega Fortaleza 6' detuvo a 14 personas en varias provincias,/noticias/judicial/12/operativo-mega-fortaleza-6-detuvo-a-14-personas-en-varias-provincias
160,Lancha recuperada fue entregada a su dueña,/noticias/regional-manabi/2/lancha-recuperada-fue-entregada-a-su-duena
161,'Fortaleza 44' desarticuló presunta banda que robaba en entidades financieras,/noticias/judicial/12/fortaleza-44-desarticulo-presunta-banda-que-robaba-en-entidades-financieras
162,Policía detuvo a dos personas por presunto robo en la Metrovía,/noticias/guayaquil/2/policia-detuvo-a-dos-personas-por-presunto-robo-en-la-metrovia
163,Dos extranjeros detenidos por intento de robo en el centro de Guayaquil,/noticias/judicial/12/dos-extranjeros-detenidos-por-intento-de-robo-en-el-centro-de-guayaquil
164,Tres extranjeros detenidos por estruche de vivienda en Guayaquil,/noticias/judicial/12/tres-extranjeros-detenidos-por-estruche-de-vivienda-en-guayaquil
165,Robo de combustible detona enfrentamientos que dejan 10 muertos en México,/noticias/mundo/8/robo-de-combustible-detona-enfrentamientos-que-dejan-10-muertos-en-mexico
166,Policía recupera embarcaciones y motores fuera de borda robados en camaronera,/noticias/judicial/12/policia-recupera-embarcaciones-y-motores-fuera-de-borda-robados-en-camaronera
173,Cuatro detenidos por robo de armas en camaronera de Durán,/noticias/judicial/12/cuatro-detenidos-por-robo-de-armas-en-camaronera-de-duran
174,Tres detenidos por asalto a locales comerciales en Guayaquil,/noticias/judicial/12/cuatro-detenidos-por-asalto-a-locales-comerciales-en-guayaquil
175,La Policía desarticuló en Milagro una banda dedicada a robar en unidades educativas,/noticias/judicial/12/la-policia-desarticulo-en-milagro-una-banda-dedicada-a-robar-en-unidades-educativas
176,Presunto ladrón de láminas de oro en Manhattan fue aprehendido en Guayaquil,/noticias/judicial/12/presunto-ladron-de-laminas-de-oro-en-manhattan-fue-aprehendido-en-guayaquil
177,Las joyas robadas a Kim Kardashian en París fueron fundidas y retalladas,/noticias/espectaculos/10/las-joyas-robadas-a-kardashian-en-paris-fueron-fundidas-y-retalladas
178,Roban $ 6 millones en joyas cerca de Times Square en Año Nuevo,/noticias/mundo/8/roban-usd-6-millones-en-joyas-cerca-de-times-square-en-ano-nuevo
179,Ecuatoriano robaba objetos de camiones,/noticias/judicial/12/ecuatoriano-robaba-objetos-de-camiones
180,Policía de Nueva York identifica a hombre que robó balde lleno de oro,/noticias/judicial/12/policia-de-nueva-york-identifica-a-hombre-que-robo-balde-lleno-de-oro
181,Roban 5 millones de euros a 2 mujeres cataríes en autopista de París,/noticias/mundo/8/roban-5-millones-de-euros-a-2-mujeres-cataries-en-autopista-de-paris
182,Una madre presenció cómo los 'sacapintas' asesinaron a su hijo,/noticias/judicial/12/una-madre-presencio-como-los-sacapintas-asesinaron-a-su-hijo
189,Asaltantes que robaron blindado dejaron un carro abandonado,/noticias/judicial/12/asaltantes-que-robaron-blindado-dejaron-un-carro-abandonado
190,Aún no hay detenidos por robo de $ 10.500 en Solca,/noticias/judicial/12/aun-no-hay-detenidos-por-robo-de-usd-10-500-en-solca
191,El supuesto autor de crimen por asalto fue aprehendido,/noticias/judicial/12/el-supuesto-autor-de-crimen-por-asalto-fue-aprehendido
192,Ocho detenidos por presunto robo en estaciones de la Metrovía,/noticias/judicial/12/ocho-detenidos-por-presunto-robo-en-estaciones-de-la-metrovia
193,‘Me robaron mi perfil en Facebook’,/noticias/de7en7/1/me-robaron-mi-perfil-en-facebook
194,Roban a todo un pueblo en Argentina en 10 minutos y se fugan,/noticias/judicial/12/roban-a-todo-un-pueblo-en-argentina-en-10-minutos-y-se-fugan
195,Video identifica a 3 personas que participaron en un robo,/noticias/judicial/12/video-identifica-a-3-personas-que-participaron-en-un-robo
196,"Organización robaba celulares en Colombia y los vendía en Ecuador, Perú y Argentina",/noticias/judicial/12/organizacion-robaba-celulares-en-colombia-y-los-vendia-en-ecuador-peru-y-argentina
197,ECU-911 y la Policía Nacional evitaron robo de computadoras en escuela de Ambato,/noticias/regional-centro/2/ecu-911-y-la-policia-nacional-evitaron-robo-de-computadoras-en-escuela-de-ambato
198,Delincuentes aprovecharon la luz roja para robar 480 pavos,/noticias/judicial/12/delincuentes-aprovecharon-la-luz-roja-para-robar-480-pavos
205,3 guardias fueron detenidos después de robar en hospital,/noticias/judicial/12/3-guardias-fueron-detenidos-despues-de-robar-en-hospital
206,La Fiscalía solicita videos tras robo en el Vicente Rocafuerte,/noticias/judicial/12/la-fiscalia-solicita-videos-tras-robo-en-el-vicente-rocafuerte
207,"Sospechoso de robar $ 18 mil, detenido",/noticias/judicial/12/sospechoso-de-robar-18-mil-detenido
208,Roban dos pinturas de Goya ,/noticias/cultura/10/roban-dos-pinturas-de-goya
209,Los delincuentes robaban a jóvenes hasta uniformes y útiles escolares,/noticias/judicial/12/los-delincuentes-robaban-a-jovenes-hasta-uniformes-y-utiles-escolares
210,Una joven de 25 años fue baleada por evitar robo,/noticias/judicial/12/una-joven-de-25-anos-fue-baleada-por-evitar-robo
211," EE. UU. dice que hackers robaron información de 21,5 millones de personas",/noticias/mundo/8/ee-uu-dice-que-hackers-robaron-informacion-de-215-millones-de-personas
212,Sospechoso de robo en local de celulares quiso huir subiendo en diferentes buses,/noticias/judicial/12/sospechoso-de-robo-en-local-de-celulares-quiso-huir-subiendo-en-diferentes-buses
213,Presunto responsable de asesinato de policía fue detenido,/noticias/judicial/12/un-policia-fue-asesinado-en-guayaquil-para-robarle-la-moto
214,"Roban ejemplar inédito de ""Cincuenta sombras de Grey"" ",/noticias/espectaculos/10/roban-ejemplar-inedito-de-cincuenta-sombras-de-grey
221,Colombia ofrece recompensa por valioso óleo de Simón Bolívar que fue robado ,/noticias/cultura/10/colombia-ofrece-recompensa-por-valioso-oleo-de-simon-bolivar-que-fue-robado
222,Sospechosos de robo a complejo del D. Quito fueron capturados ,/noticias/judicial/12/sospechosos-de-robo-a-complejo-del-d-quito-fueron-capturados
223,"Vanilla Ice hará servicio comunitario, tras acuerdo legal ",/noticias/espectaculos/10/vanilla-ice
224,"Ladrón devuelve vestido de Lupita Nyongo, al asegurar que las perlas son falsas",/noticias/espectaculos/10/ladron-devuelve-vestido-de-lupita-nyong-o-al-asegurar-que-las-perlas-son-falsas
225,"Scolari, indocumentado y sin tarjetas de crédito por robo en Brasil",/noticias/futbol-internacional/7/scolari-indocumentado-y-sin-tarjetas-de-credito-por-robo-en-brasil
226,Los robos de celulares se redujeron a mil por día (Infografía),/noticias/economia/4/los-robos-de-celulares-se-redujeron-a-mil-por-dia-infografia
227,Ladrones utilizaron un iPod para robar tarjetas de crédito en Reino Unido,/noticias/tecnologia/6/ladrones-utilizaron-un-ipod-para-robar-tarjetas-de-credito-en-reino-unido
228,Algunos de los trofeos robados a Red Bull aparecen en un lago,/noticias/f1/7/algunos-de-los-trofeos-robados-a-red-bull-aparecen-en-un-lago
229,Roban puerta del campo de concentración nazi de Dachau,/noticias/mundo/8/roban-puerta-del-campo-de-concentracion-nazi-de-dachau
230,3 presos por robo y extorsión ,/noticias/judicial/12/3-presos-por-robo-y-extorsion
237,Diariamente en Lima se reporta el robo de 14.000 celulares y 19 autos,/noticias/mundo/8/diariamente-en-lima-se-reporta-el-robo-de-14-000-celulares-y-19-autos
238,Robo y asesinato bajan en Guayaquil,/noticias/judicial/12/robo-y-asesinato-bajan-en-guayaquil
239,Cinematográfico y millonario robo en el aeropuerto de Santiago de Chile,/noticias/mundo/8/cinematografico-y-millonario-robo-en-el-aeropuerto-de-santiago-de-chile
240,El robo de ganado bajó en Guayas,/noticias/judicial/12/el-robo-de-ganado-bajo-en-guayas
241,El robo de tapas de desagües causa un perjuicio de $ 25 mil,/noticias/informacion-general/1/el-robo-de-tapas-de-desaguees-causa-un-perjuicio-de-25-mil
242,Hay 5 denuncias de robo en cerro Santa Ana al mes,/noticias/guayaquil/2/hay-5-denuncias-de-robo-en-cerro-santa-ana-al-mes
243,Adolescente implicado en robo,/noticias/judicial/12/adolescente-implicado-en-robo
244,Cuatro menores expulsados del entrenamiento de Colombia por intento de robo,/noticias/mundial-2014/7/cuatro-menores-expulsados-del-entrenamiento-de-colombia-por-intento-de-robo
245,Sospechoso de robo a turista fue aprehendido en terminal,/noticias/judicial/12/sospechoso-de-robo-a-turista-fue-aprehendido-en-terminal
246,"Justin Bieber, acusado de intentar robarle un celular a una mujer ",/noticias/espectaculos/10/justin-bieber-acusado-de-intentar-robarle-un-celular-a-una-mujer
253,240 mil móviles reportados por robo fueron bloqueados (INFOGRAFÍA),/noticias/economia/4/240-mil-moviles-reportados-por-robo-fueron-bloqueados-infografia
254,El museo Remigio Crespo Toral sufrió el robo de 12 piezas,/noticias/regional-sur/2/el-museo-remigio-crespo-toral-sufrio-el-robo-de-12-piezas-2
255,Robo en el Cabildo latacungueño,/noticias/regional-centro/2/robo-en-el-cabildo-latacungueno
256,La Policía detuvo a nueve personas acusadas de robo ,/noticias/regional-sur/2/la-policia-detuvo-a-nueve-personas-acusadas-de-robo
257,"El robo a personas, delito más cometido en Iñaquito",/noticias/judicial/12/el-robo-a-personas-delito-mas-cometido-en-inaquito
258,Las víctimas de la usura recuperarán sus bienes,/noticias/judicial/12/las-victimas-de-la-usura-recuperaran-sus-bienes
259,43 detenidos en operativo “Noche gris” contra la usura,/noticias/judicial/12/42-detenidos-en-operativo-noche-gris-contra-la-usura
260,El hurto durante tragedia se castiga como robo,/noticias/judicial/12/el-hurto-durante-tragedia-se-castiga-como-robo
261,Taxistas fueron heridos en supuestos intentos de robo,/noticias/judicial/12/taxistas-fueron-heridos-en-supuestos-intentos-de-robo
262,Trabas que podrían evitar el robo de un vehículo,/noticias/judicial/12/trabas-que-podrian-evitar-el-robo-de-un-vehiculo
269,Prisión para gendarme por robo,/noticias/judicial/12/prision-para-gendarme-por-robo
270,América Latina se une contra el robo de celulares,/noticias/judicial/12/america-latina-se-une-contra-el-robo-de-celulares
271,Celulares inteligentes se podrán destruir vía web en caso de robo,/noticias/judicial/12/celulares-inteligentes-se-podran-destruir-via-web-en-caso-de-robo
272,Acusan a policías paraguayos de apoderarse de $ 200.000,/noticias/judicial/12/acusan-a-policias-paraguayos-de-apoderarse-de-200-000
273,Tres detenidos por el asalto a una camaronera,/noticias/judicial/12/tres-detenidos-por-el-asalto-a-una-camaronera
274,Aseguradora ofrece recompensa para recuperar joyas robadas en Francia,/noticias/mundo/8/aseguradora-ofrece-recompensa-para-recuperar-joyas-robadas-en-francia
275,Tres detenidos por robos a personas y a un local,/noticias/informacion-general/1/tres-detenidos-por-robos-a-personas-y-a-un-local
276,El robo a domicilios sube en estadísticas,/noticias/regional-sur/2/el-robo-a-domicilios-sube-en-estadisticas
277,Tesorera fue plagiada para robar en cooperativa,/noticias/informacion-general/1/tesorera-fue-plagiada-para-robar-en-cooperativa
278,Vecinos de San Roque quieren erradicar las drogas y el robo,/noticias/quito/2/vecinos-de-san-roque-quieren-erradicar-las-drogas-y-el-robo
285,Policía capturado mientras robaba,/noticias/judicial/12/policia-capturado-mientras-robaba
286,"Tres personas, detenidas por robo en Simón Bolívar",/noticias/regional-centro/2/tres-personas-detenidas-por-robo-en-simon-bolivar
287,"Robo de elementos de la regeneración urbana, imparable en las calles",/noticias/guayaquil/2/robo-de-elementos-de-la-regeneracion-urbana-imparable-en-las-calles
288,Investigan el robo de fármacos,/noticias/judicial/12/investigan-el-robo-de-farmacos
289,"Según Observatorio, el robo a personas creció en Guayaquil",/noticias/judicial/12/segun-observatorio-el-robo-a-personas-crecio-en-guayaquil
290,Inició juzgamiento por robo en Quicentro Sur de hace un año,/noticias/judicial/12/inicio-juzgamiento-por-robo-en-quicentro-sur-de-hace-un-ano
291,Cuba acusa a EE.UU. de robo de marca de habanos,/noticias/mundo/8/cuba-acusa-a-ee-uu-de-robo-de-marca-de-habanos
292,Detienen a banda delictiva cuando intentaba robar en una vivienda,/noticias/judicial/12/detienen-a-banda-delictiva-cuando-intentaba-robar-en-una-vivienda
293,Gendarmes extorsionaban a personas víctimas de robo,/noticias/judicial/12/gendarmes-extorsionaban-a-personas-victimas-de-robo
294,Capturan a 8 personas acusadas de intento de robo de 80 cerdos,/noticias/judicial/12/capturan-a-8-personas-acusadas-de-intento-de-robo-de-80-cerdos
301,En Milagro detienen a sujetos acusados de robar a vigilantes,/noticias/judicial/12/en-milagro-detienen-a-sujetos-acusados-de-robar-a-vigilantes
302,Detienen al autor del robo de un Dalí en Nueva York ,/noticias/espectaculos/10/detienen-al-autor-del-robo-de-un-dali-en-nueva-york
303,Hombre es detenido tras robar puerta metálica de un parque,/noticias/judicial/12/hombre-es-detenido-tras-robar-puerta-metalica-de-un-parque
304,Desarticulan presunta banda dedicada al robo de ganado,/noticias/judicial/12/desarticulan-presunta-banda-dedicada-al-robo-de-ganado
305,Cuatro sujetos son detenidos en Guayaquil luego de haber robado,/noticias/judicial/12/cuatro-sujetos-son-detenidos-en-guayaquil-luego-de-haber-robado
306,Hombre es asesinado por oponerse a asalto y robo en bus,/noticias/judicial/12/hombre-es-asesinado-por-oponerse-a-asalto-y-robo-en-bus
307,Robo en Municipio de Pasaje,/noticias/regional-sur/2/robo-en-municipio-de-pasaje
308,Sede de las juntas parroquiales de Esmeraldas sufre robo de su oficina por segunda vez,/noticias/informacion-general/1/sede-de-las-juntas-parroquiales-de-esmeraldas-sufre-robo-de-su-oficina-por-segunda-vez
309,Intervención de ciudadanos logra frustrar robo a un local,/noticias/judicial/12/intervencion-de-ciudadanos-logra-frustrar-robo-a-un-local
310,Policía detiene a sospechosos y frustra robo,/noticias/judicial/12/policia-detiene-a-sospechosos-y-frustra-robo
317,Baja el número de teléfonos celulares reportados como perdidos o robados en el país,/noticias/economia/4/baja-el-numero-de-telefonos-celulares-reportados-como-perdidos-o-robados-en-el-pais
318,Tribunal penal impone sentencia en apenas 17 días de proceso,/noticias/judicial/12/tribunal-penal-impone-sentencia-en-apenas-17-dias-de-proceso
319,21 sudamericanos detenidos por robar casas y traficar cocaína,/noticias/mundo/8/21-sudamericanos-detenidos-por-robar-casas-y-traficar-cocaina
320,Los acusados de robar Banco Sudamericano son presentados,/noticias/judicial/12/los-acusados-de-robar-banco-sudamericano-son-presentados
321,Robo y contrabando de combustible se realiza con placas clonadas,/noticias/informacion-general/1/robo-y-contrabando-de-combustible-se-realiza-con-placas-clonadas
322,Desarticulan a presunta banda dedicada al robo y asalto en agencias bancarias en Guayaquil,/noticias/judicial/12/desarticulan-a-presunta-banda-dedicada-al-robo-y-asalto-en-agencias-bancarias-en-guayaquil
323,Enmascarados se apoderan de 56 mil dólares,/noticias/judicial/12/enmascarados-se-apoderan-de-56-mil
324,El “arte” de dormir a las víctimas no da tregua,/noticias/judicial/12/el-arte-de-dormir-a-las-victimas-no-da-tregua
325,Robo de cilindros de gas desabastece a ciudadela,/noticias/regional-sur/2/robo-de-cilindros-de-gas-desabastece-a-ciudadela
326,Robo y delitos sexuales se incrementaron en Cuenca,/noticias/regional-sur/2/robo-y-delitos-sexuales-se-incrementaron-en-cuenca
333,Julianne Moore es víctima de millonario robo en su mansión,/noticias/espectaculos/10/julianne-moore-es-victima-de-millonario-robo-en-su-mansion
334,Antonio Valencia es víctima de robo en el aeropuerto,/noticias/deportes/7/antonio-valencia-es-victima-de-robo-en-el-aeropuerto
335,Una familia es sedada con escopolamina para robarle,/noticias/judicial/12/una-familia-es-sedada-con-escopolamina-para-robarle
336,Ex militar es detenido en delito flagrante por robar en domicilio,/noticias/judicial/12/ex-militar-es-detenido-en-delito-flagrante-por-robar-en-domicilio
337,"Hombre muere, tras robo a cliente de banco en Ambato",/noticias/judicial/12/hombre-muere-tras-robo-a-cliente-de-banco-en-ambato
338,Empleado del MSP es detenido por presunto robo de medicinas,/noticias/judicial/12/empleado-del-msp-es-detenido-por-presunto-robo-de-medicinas
339,"Ladrones roban bicicleta de Hindes, campeón olímpico",/noticias/deportes/7/ladrones-roban-bicicleta-de-hindes-campeon-olimpico
340,Joven madre denuncia robo de su bebé en Guayaquil,/noticias/judicial/12/joven-madre-denuncia-robo-de-su-bebe-en-guayaquil
341, Trece personas son detenidas por venta ilegal de entradas a los JJ.OO.; otras están acusadas de robo,/noticias/noticias/7/trece-personas-son-detenidas-por-venta-ilegal-de-entradas-a-los-jjoo-otras-estan-acusadas-de-robo
342,Caen 7 presuntos asaltantes,/noticias/judicial/12/caen-7-presuntos-asaltantes
349,Dos presuntos delincuentes son apresados por robo a bus intercantonal,/noticias/judicial/12/dos-presuntos-delincuentes-son-apresados-por-robo-a-bus-intercantonal
350,Cuatro detenidos por robo a empresa minera en Zaruma,/noticias/regional-sur/2/cuatro-detenidos-por-robo-a-empresa-minera-en-zaruma
351,Lingotes de oro fueron robados en bóveda de Portovelo,/noticias/judicial/12/lingotes-de-oro-fueron-robados-en-boveda-de-portovelo
352,Yahoo admite robo de 450.000 contraseñas,/noticias/tecnologia/6/yahoo-admite-robo-de-450000-contrasenas
353,"Robo de 1,3 millones en el HCAM",/noticias/informacion-general/1/robo-de-13-millones-en-el-hcam
354,Sospechoso secuestrador de fiscal es hallado en Ventanas,/noticias/judicial/12/sospechoso-secuestrador-de-fiscal-es-encontrado-en-ventanas
355,La biblioteca más antigua de Nápoles fue saqueada,/noticias/cultura/10/la-biblioteca-mas-antigua-de-napoles-fue-saqueada
356,Delincuentes roban en vivienda del alcalde de Santa Lucía,/noticias/judicial/12/delincuentes-roban-en-vivienda-del-alcalde-de-santa-lucia
357,Roban en Río de Janeiro un automóvil que transportaba material radiactivo,/noticias/mundo/8/roban-en-rio-de-janeiro-un-automovil-que-transportaba-material-radiactivo
358,Internautas chinos podrán proteger de robo sus bienes digitales,/noticias/tecnologia/6/internautas-chinos-podran-proteger-de-robo-sus-bienes-digitales
365,Ministerio del Interior desmiente que el robo en una bodega del Consep sea de una tonelada de droga,/noticias/judicial/12/ministerio-del-interior-desmiente-que-el-robo-en-una-bodega-del-consep-sea-de-una-tonelada-de-droga-audio
366,Delincuentes roban partes de autos chocados en Guayaquil,/noticias/judicial/12/chouq
367,Mujer forcejea con pillo y evita robo,/noticias/judicial/12/mujer-forcejea-con-pillo-y-evita-robo
368,"Bélgica: denuncian robo de bicicletas con campeonato de ""ladrones""",/noticias/mundo/8/belgica-denuncian-robo-de-bicicletas-con-campeonato-de-ladrones
369,Denuncian robo sistemático de bebés durante dictadura,/noticias/mundo/8/denuncian-robo-sistematico-de-bebes-durante-dictadura
370,Atraco en iglesia evangélica deja cerca de 5.000 dólares en pérdidas,/noticias/judicial/12/atraco-en-iglesia-evangelica-deja-cerca-de-5000-dolares-en-perdidas
371,Tres sospechosos de asaltar una joyería fueron detenidos,/noticias/judicial/12/tres-sospechosos-de-asaltar-una-joyeria-fueron-detenidos
372,Policía captura a dos acusados de robar en cafetería de Urdesa,/noticias/judicial/12/policia-captura-a-dos-acusados-de-robar-en-cafeteria-de-urdesa
373,Supuestos estudiantes asaltaron facultad de U. de Guayaquil,/noticias/guayaquil/2/supuestos-estudiantes-asaltaron-facultad-de-u-de-guayaquil
374,Policía capturó a ocho una banda que se dedicaba al robo de autos,/noticias/judicial/12/la-policia-capturo-a
381,Ministerio de Electricidad denuncia robo de un equipo radiactivo en la vía a Daule,/noticias/informacion-general/1/ministerio-de-electricidad-denuncia-robo-de-un-equipo-radiactivo-en-la-via-a-daule
382,Investigan a uniformado que habría participado en robo,/noticias/judicial/12/investigan-a-uniformado-que-habria-participado-en-robo
383,Maquinaria que fue robada en marzo pasado fue recuperada,/noticias/judicial/12/maquinaria-que-fue-robada-en-marzo-pasado-fue-recuperada
384,Detenidos en Chile dos mexicanos por robo de reliquias egipcias,/noticias/mundo/8/detenidos-en-chile-dos-mexicanos-por-robo-de-reliquias-egipcias
385,El robo informático afecta a más de 600 clientes durante 2011,/noticias/judicial/12/el-robo-informatico-afecta-a-mas-de-600-clientes-durante-2011
386,Policía frustra robo en joyería y detiene a dos sospechosos,/noticias/judicial/12/policia-frustra-robo-en-joyeria-y-detiene-a-dos-sospechosos
387,Sustrajeron libros históricos de la Biblioteca de Perú,/noticias/cultura/10/sustrajeron-libros-historicos-de-la-biblioteca-de-peru
388,Ocho hombres detenidos tras asaltar una institución de Ahorro y Crédito,/noticias/judicial/12/ocho-hombres-detenidos-tras-asaltar-una-institucion-de-ahorro-y-credito
389,Las ladronas de la serían “sexoservidoras”,/noticias/internacionales/7/las-ladronas-serian-sexoservidoras
390,Clonación de vehículos robados,/noticias/cartas-al-director/1/clonacion-de-vehiculos-robados
