,fecha,titulo,descripcion
0,20 de julio de 2021 09:31,Detienen a hombre que asaltó a periodista en vivo,Alias 'Tontín' le robó su celular a un periodista de DirecTV en las inmediaciones del estadio de Barcelona
1,04 de julio de 2021 14:32,En Machala roban a plena luz del día,Las cámaras de video de una empresa de recaudación captaron el momento del intento de robo
2,15 de junio de 2021 16:50,Un nuevo atraco en Quito quedó registrado en video,"El hecho ocurrió en un local de comidas, en donde ingresaron siete delincuentes "
3,12 de enero de 2021 09:40,Adolescente habría integrado una banda de asaltantes en Cuenca,La menor de edad se encuentra con medidas alternativas a la prisión preventiva. 
4,27 de diciembre de 2020 23:33,Fiscalía reporta el robo de fondos solidarios en el MIES,"El monto que cobraron alcanza los USD 9'860.000, delito registrado también en 2018. "
5,16 de diciembre de 2020 11:17,Procesan a 12 personas de una banda delictiva que operaba en los mercados de Ambato,Los individuos operaban de forma organizada y cumplían roles específicos para robar.
6,13 de diciembre de 2020 16:13,Casa de Paolo Rossi fue saqueada durante su funeral,El exfutbolista falleció en Italia por una enfermedad incurable
7,03 de diciembre de 2020 09:19,La pareja del terror trató de fugar hacia Colombia a través de un paso clandestino,La Policía informó que Israel Bairon P. S. tiene antecedentes por robo y hurto. 
8,30 de noviembre de 2020 09:11,Pareja detenida por robo quedó en libertad al pagar $ 500,Los ciudadanos fueron detenidos tras una alerta oportuna a través de la línea del 911.
9,23 de agosto de 2021 11:35,Policía recaptura a hombre que se fugó de la cárcel de Manabí hace cinco años,El prófugo escapó de un centro de reclusión de Manta durante el terremoto de abril de 2016.
10,20 de agosto de 2021 21:44,Cuatro procesados son llamados a juicio por el asesinato de dirigente político,La Fiscalía General del Estado presentó elementos de convicción en la Unidad Judicial Multicompetente de Los Ríos
11,19 de agosto de 2021 14:29,Se abre audiencia para ocho implicados en el asesinato de Efraín Ruales,La Fiscalía aún debe establecer quiénes fueron os autores materiales del crimen. 
12,18 de agosto de 2021 07:04,Tres presuntos delincuentes fueron aprehendidos por robo de celular en el centro de Quito,Policía Nacional se hizo cargo de los implicados. 
13,17 de agosto de 2021 16:56,Daniel Salcedo recibió una tercera condena de tres años,Salcedo se encuentra en la Cárcel 4 y recibió la pena por el delito de ingreso de artículos prohibidos
14,12 de agosto de 2021 15:07,Seis PPL fallecieron por amotinamiento en cárcel de Quevedo,"La Policía llegó a la cárcel para retomar el control, mientras los familiares de los PPL también se acercaron al lugar"
15,25 de noviembre de 2020 18:35,Desmantelada una banda una banda que robaba y vendía droga,"La organización se reunía y planificaba sus actos delictivos en la avenida Portete y la calle 17, en Guayaquil. Los vecinos del barrio los denunciaron por robo y venta de dogas. La Policía encontró municiones y celulares."
16,30 de septiembre de 2020 21:02,Detenidos dos asaltantes que trataron de asesinar a un policía en Guayaquil,Los hombres tenían en su poder armas. Uno de ellos tenía antecedentes por robo. Ahora serán procesados por tentativa de asesinato.
17,21 de septiembre de 2020 20:56,Robaba automóviles y luego extorsionaba a las víctimas para devolverles lo sustraído,"Al individuo se le incautaron un celular, una tarjeta SIM y 1.700 dólares, además se le dictaron medidas sustitutivas a la prisión preventiva.
"
18,11 de septiembre de 2020 17:49,Banda de hackers robaba dinero de cuentas bancarias en Quito,La Policía detuvo a los hackers que sustraían dinero a clientes del Banco del Pacífico.
19,03 de septiembre de 2020 18:36,Robo de computadoras en edificio de la Contraloría del Estado,"

Seis PPL fallecieron por amotinamiento en cárcel de Quevedo

La Policía llegó a la cárcel para retomar el control, mientras los familiares de los PPL también se..."
20,23 de julio de 2020 11:02,Con inhibidores de señal evitaban que camioneros asaltados pidan ayuda,"

Seis PPL fallecieron por amotinamiento en cárcel de Quevedo

La Policía llegó a la cárcel para retomar el control, mientras los familiares de los PPL también se..."
21,21 de julio de 2020 11:45,Chofer de bus se desvió a escuela militar para evitar robo,"

Seis PPL fallecieron por amotinamiento en cárcel de Quevedo

La Policía llegó a la cárcel para retomar el control, mientras los familiares de los PPL también se..."
22,14 de julio de 2020 10:53,Dos detenidos por extorsionar a mujer tras robo de moto,"

Seis PPL fallecieron por amotinamiento en cárcel de Quevedo

La Policía llegó a la cárcel para retomar el control, mientras los familiares de los PPL también se..."
23,08 de julio de 2020 17:50,Hombre falleció de un balazo en la cabeza por impedir un robo a su pareja,"

Seis PPL fallecieron por amotinamiento en cárcel de Quevedo

La Policía llegó a la cárcel para retomar el control, mientras los familiares de los PPL también se..."
24,24 de agosto de 2021 18:03,PPL de altísima peligrosidad fueron cambiados de centro de rehabilitación,El SNAI coordinó las acciones para este movimiento desde Latacunga.
25,01 de julio de 2020 10:57,Dos extranjeros robaron joyas en centro comercial de Quito,"

Seis PPL fallecieron por amotinamiento en cárcel de Quevedo

La Policía llegó a la cárcel para retomar el control, mientras los familiares de los PPL también se..."
26,01 de julio de 2020 00:00,El robo de pertenencias a Augusto Itúrburu sigue sin resolverse,"

Seis PPL fallecieron por amotinamiento en cárcel de Quevedo

La Policía llegó a la cárcel para retomar el control, mientras los familiares de los PPL también se..."
27,17 de mayo de 2020 17:26,"Luchadores de UFC se solidarizan por ""robo"" a 'Chito' Vera","

Barcelona acumula tres derrotas seguidas

¿Qué pasa con el campeón nacional en la LigaPro?"
28,07 de mayo de 2020 10:10,Privados de libertad investigados por robo en bodega de productos de Regional Guayas,"

Seis PPL fallecieron por amotinamiento en cárcel de Quevedo

La Policía llegó a la cárcel para retomar el control, mientras los familiares de los PPL también se..."
29,24 de abril de 2020 11:16,Un adulto y un menor robaban bienes en una escuela de Ambato,"

Seis PPL fallecieron por amotinamiento en cárcel de Quevedo

La Policía llegó a la cárcel para retomar el control, mientras los familiares de los PPL también se..."
30,15 de abril de 2020 15:08,27 sectores de Guayaquil afectados por robo de cables telefónico,"Los robos de cables telefónicos se registraron en 27 sectores de Guayaquil, desde el 9 de marzo hasta el 7 de abril. Esta situación afectó a 9.500 familias abonadas al servicio, que es necesario durante la emergencia sanitaria por el covid-19."
31,14 de abril de 2020 10:00,Gabarra con camarón fue saqueada dos veces en Guayaquil,"

Seis PPL fallecieron por amotinamiento en cárcel de Quevedo

La Policía llegó a la cárcel para retomar el control, mientras los familiares de los PPL también se..."
32,13 de abril de 2020 17:52,Ecuatorianos denuncian robo de equipaje en vuelo humanitario,"

Seis PPL fallecieron por amotinamiento en cárcel de Quevedo

La Policía llegó a la cárcel para retomar el control, mientras los familiares de los PPL también se..."
33,17 de marzo de 2020 09:17,Coronarivus: Ladrones roban miles de mascarillas en Alemania,"

El veneno de una serpiente impide la multiplicación del virus Sars-Cov-2

Investigadores de la Universidad Estatal Paulista de Brasil realizaron el estudio con una especie ve..."
34,10 de marzo de 2020 08:06,Roban más de $15 millones de un camión blindado en Chile,"

El veneno de una serpiente impide la multiplicación del virus Sars-Cov-2

Investigadores de la Universidad Estatal Paulista de Brasil realizaron el estudio con una especie ve..."
35,06 de marzo de 2020 11:00,"Detienen a ""La Chilena"", mujer que vació casa donde le dieron posada","

Seis PPL fallecieron por amotinamiento en cárcel de Quevedo

La Policía llegó a la cárcel para retomar el control, mientras los familiares de los PPL también se..."
36,27 de febrero de 2020 09:53,"Siete procesados en Bolívar se robaron celulares, un vehículo y hasta un perro","

Seis PPL fallecieron por amotinamiento en cárcel de Quevedo

La Policía llegó a la cárcel para retomar el control, mientras los familiares de los PPL también se..."
37,21 de febrero de 2020 16:07,Perú recuperó manuscrito inca escrito por un descendiente de Huayna Capac,"

MAAC abordará conversatorio virtual sobre procesos de arte fuera de la institucionalidad

Los ponentes será de países como Ecuador, Chile, Suiza, España y Brasil."
38,14 de enero de 2020 12:14,Delincuentes incendian cajero en centro de revisión vehicular de Capulispamba,"La atención en el Centro de Revisión Técnica Vehicular (RTV) de Capulispamba (norte de Cuenca) fue suspendida este martes 14 de enero del 2020, luego de que delincuentes provocaran un incendio al intentar robar un cajero automático en el interior de sus instalaciones. "
39,06 de enero de 2020 13:12,"Por agujero, delincuentes entran a robar en entidad financiera","

Seis PPL fallecieron por amotinamiento en cárcel de Quevedo

La Policía llegó a la cárcel para retomar el control, mientras los familiares de los PPL también se..."
40,05 de enero de 2020 12:58,Retenidos cuatro sospechosos de robo en la Ecovía,"Cuatro personas han sido retenidas en el sistema de transporte municipal tras ser señaladas como sospechosos de robo en una unidad de la Ecovía en la capital del país, se conoció retenidas este sábado 4 de enero de 2020."
41,02 de enero de 2020 15:33,Motorizado fue herido de bala durante robo en Guayaquil,"

Seis PPL fallecieron por amotinamiento en cárcel de Quevedo

La Policía llegó a la cárcel para retomar el control, mientras los familiares de los PPL también se..."
42,16 de diciembre de 2019 15:27,Ilegales pide ayuda para recuperar sus instrumentos en España,"Cinco guitarras y un bajo de la banda asturiana fueron sustraídos de su furgoneta, en Cataluña, el 14 de diciembre de 2019. Los músicos han difundido detalles de los instrumentos en redes sociales."
43,14 de diciembre de 2019 18:00,Roban datos bancarios de unos 29.000 empleados de Facebook,"

El veneno de una serpiente impide la multiplicación del virus Sars-Cov-2

Investigadores de la Universidad Estatal Paulista de Brasil realizaron el estudio con una especie ve..."
44,10 de diciembre de 2019 13:37,Adulta mayor murió en un robo en su casa en Guayaquil,"

Seis PPL fallecieron por amotinamiento en cárcel de Quevedo

La Policía llegó a la cárcel para retomar el control, mientras los familiares de los PPL también se..."
45,30 de noviembre de 2019 00:00,Consumo de droga y robo de cajetines,"Se está haciendo costumbre que consumidores de “H” en la zona céntrica de Guayaquil, en 9 de Octubre y Baquerizo Moreno o el sector de P. Icaza, se aprovechan del ancho de los pilares estructurales para realizar consumo de droga, necesidades biológicas y en la noche y madrugada, entre la 01:00 y 03:00, el robo de tapas de cajetines de fibra o cable, de tapas de registros, rejillas de transformadores, medidores de agua, reflectores, simplemente el centro de la ciudad, en la madrugada, es tierra de nadie. "
46,22 de noviembre de 2019 10:15,Roban equipos tecnológicos de la final de la Libertadores,"

Club Ñañas y Deportivo Cuenca se volverán a enfrentar en la final de la Superliga Femenina

La tercera edición de la competencia ya tiene a los dos clubes clasificados que disputarán el título"
47,07 de noviembre de 2019 00:51,Una fuente radioactiva fue sustraída en el sur de Quito,"

Seis PPL fallecieron por amotinamiento en cárcel de Quevedo

La Policía llegó a la cárcel para retomar el control, mientras los familiares de los PPL también se..."
48,11 de octubre de 2019 00:00,Tres procesados por robo y daños en la Contraloría,La Fiscalía inició una indagación para dar con el resto de responsables. En el organismo de control reposa información sobre irregularidades del anterior gobierno.
49,20 de septiembre de 2019 12:29,"Cabecilla de banda dedicada al secuestro, extorsión y asalto registra 17 detenciones","

Seis PPL fallecieron por amotinamiento en cárcel de Quevedo

La Policía llegó a la cárcel para retomar el control, mientras los familiares de los PPL también se..."
50,17 de septiembre de 2019 12:02,"Información vulnerada de datos es responsabilidad del Estado, dice experto en seguridad","

Hacienda la Compañía, 27 años de historia en la producción de rosas en Ecuador

Conoce el proceso de producción, venta y distribución de rosas en Cayambe."
51,17 de septiembre de 2019 00:00,"Policía desarticula 18 bandas delictivas, entre el jueves y el domingo","

Seis PPL fallecieron por amotinamiento en cárcel de Quevedo

La Policía llegó a la cárcel para retomar el control, mientras los familiares de los PPL también se..."
52,10 de septiembre de 2019 16:54,Tres estudiantes procesados por robo al no devolver dinero que hallaron en la calle,"

Seis PPL fallecieron por amotinamiento en cárcel de Quevedo

La Policía llegó a la cárcel para retomar el control, mientras los familiares de los PPL también se..."
53,07 de septiembre de 2019 14:15,Directora del Archivo Histórico confirmó la desaparición del Testamento de Eugenio Espejo,"

MAAC abordará conversatorio virtual sobre procesos de arte fuera de la institucionalidad

Los ponentes será de países como Ecuador, Chile, Suiza, España y Brasil."
54,03 de septiembre de 2019 00:00,Partes robadas de carros se venden en tres sectores,En las zonas conocidas como “cachinerías” se hallan repuestos y accesorios de procedencia no justificada. Hay bandas dedicadas a sustraerse las piezas bajo pedido.
55,30 de agosto de 2019 12:20,Policía frustra asalto a entidad bancaria en Naranjal,"

Seis PPL fallecieron por amotinamiento en cárcel de Quevedo

La Policía llegó a la cárcel para retomar el control, mientras los familiares de los PPL también se..."
56,29 de agosto de 2019 00:00,La jueza que dejó libre a 8 procesados en caso Sinaí es separada de área penal,"

Seis PPL fallecieron por amotinamiento en cárcel de Quevedo

La Policía llegó a la cárcel para retomar el control, mientras los familiares de los PPL también se..."
57,26 de agosto de 2019 09:51,Delincuentes disparan tras robar en panadería de Urdesa,"

Seis PPL fallecieron por amotinamiento en cárcel de Quevedo

La Policía llegó a la cárcel para retomar el control, mientras los familiares de los PPL también se..."
58,12 de agosto de 2019 00:00,Implicado en robo aseguró que Vanessa era cómplice,"

Seis PPL fallecieron por amotinamiento en cárcel de Quevedo

La Policía llegó a la cárcel para retomar el control, mientras los familiares de los PPL también se..."
59,30 de julio de 2019 12:00,Hacker roba datos de 106 millones de clientes del banco Capital One,"

El veneno de una serpiente impide la multiplicación del virus Sars-Cov-2

Investigadores de la Universidad Estatal Paulista de Brasil realizaron el estudio con una especie ve..."
60,19 de julio de 2019 12:59,Asaltante amenazó a cajera con foto de su casa y se llevó $6.000,"

Seis PPL fallecieron por amotinamiento en cárcel de Quevedo

La Policía llegó a la cárcel para retomar el control, mientras los familiares de los PPL también se..."
61,11 de julio de 2019 20:51,"Kenig, investigado por robo de carros en Argentina, habla de difamación","

Seis PPL fallecieron por amotinamiento en cárcel de Quevedo

La Policía llegó a la cárcel para retomar el control, mientras los familiares de los PPL también se..."
62,10 de julio de 2019 16:30,Comerciantes de la plaza San Francisco son víctimas de robos,"Tres robos ocurridos en la plazoleta de San Francisco, en el centro de Cuenca, se suman a una serie de hurtos sucedidos en las últimas semanas en la capital azuaya."
63,05 de julio de 2019 22:10,Policía desarticula banda dedicada al asalto y robo de automotores,"En posesión de los criminales se hallaron dos vehículos reportados como robados, un vehículo en el que se movilizaban y un arma de fuego."
64,21 de junio de 2019 10:00,Detenido dijo que se llevó bicicleta de vigilante por confusión,"

Seis PPL fallecieron por amotinamiento en cárcel de Quevedo

La Policía llegó a la cárcel para retomar el control, mientras los familiares de los PPL también se..."
65,21 de junio de 2019 09:51,Por un celular condenan a un hombre a 18 meses de cárcel en Ambato,"

Seis PPL fallecieron por amotinamiento en cárcel de Quevedo

La Policía llegó a la cárcel para retomar el control, mientras los familiares de los PPL también se..."
66,08 de mayo de 2019 18:12,Guardia fallece por herida de bala en robo de una camaronera,"

Seis PPL fallecieron por amotinamiento en cárcel de Quevedo

La Policía llegó a la cárcel para retomar el control, mientras los familiares de los PPL también se..."
67,21 de abril de 2019 10:13,Pertenencias de Salvador Allende fueron robadas en Chile,"

El veneno de una serpiente impide la multiplicación del virus Sars-Cov-2

Investigadores de la Universidad Estatal Paulista de Brasil realizaron el estudio con una especie ve..."
68,08 de abril de 2019 12:15,Parque inclusivo de Riobamba fue objeto de vandalismo y robo,"A 10 días de haberse inaugurado el parque inclusivo en Riobamba, las autoridades reportaron que vándalos dañaron los juegos e incluso se sustrajeron el asiento diseñado exclusivamente para una persona con más del 80% de discapacidad."
69,04 de abril de 2019 00:00,En 77 días roban 86.165 celulares a nivel nacional,Treinta minutos es el tiempo promedio que tardan técnicos en centros clandestinos para liberar un teléfono móvil que ha sido bloqueado por robo o pérdida.
70,25 de marzo de 2019 08:30,Cuatro personas fueron detenidas por robar en locales de centro comercial,"

Seis PPL fallecieron por amotinamiento en cárcel de Quevedo

La Policía llegó a la cárcel para retomar el control, mientras los familiares de los PPL también se..."
71,23 de marzo de 2019 18:14,Detenidos en España dos ancianos que atracaban bancos,"

El veneno de una serpiente impide la multiplicación del virus Sars-Cov-2

Investigadores de la Universidad Estatal Paulista de Brasil realizaron el estudio con una especie ve..."
72,18 de marzo de 2019 19:37,Hombre asesina de un tiro a vecino por supuesto robo de ropa interior,"

Seis PPL fallecieron por amotinamiento en cárcel de Quevedo

La Policía llegó a la cárcel para retomar el control, mientras los familiares de los PPL también se..."
73,21 de febrero de 2019 13:38,Policía detiene a cuatro personas por robo en consulado de Venezuela,"

Seis PPL fallecieron por amotinamiento en cárcel de Quevedo

La Policía llegó a la cárcel para retomar el control, mientras los familiares de los PPL también se..."
74,20 de febrero de 2019 20:42,Asaltan en consulado de Venezuela de Guayaquil,"

Seis PPL fallecieron por amotinamiento en cárcel de Quevedo

La Policía llegó a la cárcel para retomar el control, mientras los familiares de los PPL también se..."
75,15 de febrero de 2019 10:00,Operativos dejan varios detenidos por robo y extorsión,"

Seis PPL fallecieron por amotinamiento en cárcel de Quevedo

La Policía llegó a la cárcel para retomar el control, mientras los familiares de los PPL también se..."
76,09 de febrero de 2019 17:00,Delincuentes roban dinero de cajero automático recién habilitado,"

Seis PPL fallecieron por amotinamiento en cárcel de Quevedo

La Policía llegó a la cárcel para retomar el control, mientras los familiares de los PPL también se..."
77,08 de febrero de 2019 00:00,2.408 denuncias de robo se receptan durante 2019,"Según la Policía Judicial (PJ), entre enero y febrero se detuvo a 132 personas por este delito. En Quito, ciudadanos demandan seguridad en las zonas turísticas y en las principales vías del país."
78,30 de enero de 2019 11:16,Detenidos 16 vinculados a robo de entidad bancaria en Manta,"

Seis PPL fallecieron por amotinamiento en cárcel de Quevedo

La Policía llegó a la cárcel para retomar el control, mientras los familiares de los PPL también se..."
79,27 de diciembre de 2018 14:08,Las FF.AA. detectan tubería para robar combustible estatal,"

Seis PPL fallecieron por amotinamiento en cárcel de Quevedo

La Policía llegó a la cárcel para retomar el control, mientras los familiares de los PPL también se..."
80,26 de diciembre de 2018 13:34,Reina de Quito denunció el robo de su celular,"

Seis PPL fallecieron por amotinamiento en cárcel de Quevedo

La Policía llegó a la cárcel para retomar el control, mientras los familiares de los PPL también se..."
81,10 de diciembre de 2018 13:56,Un millón de dólares sería el monto sustraído a entidad bancaria en Manta,"

Seis PPL fallecieron por amotinamiento en cárcel de Quevedo

La Policía llegó a la cárcel para retomar el control, mientras los familiares de los PPL también se..."
82,09 de diciembre de 2018 19:00,Robo a un banco se registró en centro comercial de Manta,"

Seis PPL fallecieron por amotinamiento en cárcel de Quevedo

La Policía llegó a la cárcel para retomar el control, mientras los familiares de los PPL también se..."
83,30 de noviembre de 2018 09:58,Agentes frustraron robo de $ 10.000 en local de lotería al sur de Guayaquil,"

Seis PPL fallecieron por amotinamiento en cárcel de Quevedo

La Policía llegó a la cárcel para retomar el control, mientras los familiares de los PPL también se..."
84,25 de octubre de 2018 04:20,Ciudadano fue detenido cuando robaba partes de paradero urbano en Guayaquil,"

Seis PPL fallecieron por amotinamiento en cárcel de Quevedo

La Policía llegó a la cárcel para retomar el control, mientras los familiares de los PPL también se..."
85,07 de septiembre de 2018 16:43,Policía desarticula banda dedicada a robo de locales comerciales en Manta,"

Seis PPL fallecieron por amotinamiento en cárcel de Quevedo

La Policía llegó a la cárcel para retomar el control, mientras los familiares de los PPL también se..."
86,30 de agosto de 2018 00:05,Prisión preventiva para seis detenidos por robo en el norte de Guayaquil,"

Seis PPL fallecieron por amotinamiento en cárcel de Quevedo

La Policía llegó a la cárcel para retomar el control, mientras los familiares de los PPL también se..."
87,16 de agosto de 2018 11:46,"Bandas dedicadas al robo, estafa y piratería marítima caen en megaoperativo","

Seis PPL fallecieron por amotinamiento en cárcel de Quevedo

La Policía llegó a la cárcel para retomar el control, mientras los familiares de los PPL también se..."
88,06 de agosto de 2018 17:35,Armada recupera en Esmeraldas una embarcación que fue robada en Manta,"

Seis PPL fallecieron por amotinamiento en cárcel de Quevedo

La Policía llegó a la cárcel para retomar el control, mientras los familiares de los PPL también se..."
89,08 de julio de 2018 00:00,Sospechoso de robar en oficina de la CTE portaba un grillete,"Durante el asalto, un miembro de la entidad de tránsito resultó herido con un disparo en la pierna. Los ladrones se llevaron $ 7.100 y celulares de los usuarios."
90,28 de junio de 2018 00:00,Plan “Vehículo Seguro” bajará el robo de autos,"

Seis PPL fallecieron por amotinamiento en cárcel de Quevedo

La Policía llegó a la cárcel para retomar el control, mientras los familiares de los PPL también se..."
91,21 de junio de 2018 00:00,"Sospechosos de crimen de mujer, tras las rejas","La víctima fue estrangulada en su casa por dos individuos que se apoderaron de $ 15.000, de los cuales la Policía recuperó $ 12.650, tras un operativo."
92,13 de junio de 2018 00:00,Ladrón golpea amujer y le arrebata el celular,La Policía confía en que detendrán al maleante y su cómplice. Nueve bandas delictivas fueron desarticuladas en el distrito Modelo de Guayaquil.
93,07 de junio de 2018 07:32,Roban datos de 92 millones de usuarios de la web genealógica MyHeritage,"

Hacienda la Compañía, 27 años de historia en la producción de rosas en Ecuador

Conoce el proceso de producción, venta y distribución de rosas en Cayambe."
94,05 de junio de 2018 00:00,El Gobernador de Azuay denuncia robo de dinamita,Se presume que los comuneros que intentaron tomarse el campamento de Río Blanco sustrajeron 2.600 tacos del explosivo. Ecuarunari califica las acusaciones como falsas.
95,16 de mayo de 2018 09:57,Miembro de banda delictiva en Quito cuenta con 14 arrestos por robo,"

Seis PPL fallecieron por amotinamiento en cárcel de Quevedo

La Policía llegó a la cárcel para retomar el control, mientras los familiares de los PPL también se..."
96,09 de mayo de 2018 18:22,"Robaron el traje de ""Iron Man"", valorado en $ 325.000","

MAAC abordará conversatorio virtual sobre procesos de arte fuera de la institucionalidad

 Los ponentes será de países como Ecuador, Chile, Suiza, España y Brasil."
97,27 de abril de 2018 17:00,Policía desarticula banda que robó $ 250.000 de banco en Guayaquil,"

Seis PPL fallecieron por amotinamiento en cárcel de Quevedo

La Policía llegó a la cárcel para retomar el control, mientras los familiares de los PPL también se..."
98,26 de abril de 2018 13:28,Ladrones exigían hasta $ 300 por motos y $ 3.000 por carros robados,"

Seis PPL fallecieron por amotinamiento en cárcel de Quevedo

La Policía llegó a la cárcel para retomar el control, mientras los familiares de los PPL también se..."
99,19 de marzo de 2018 12:20,Estatua de Alberto Spencer no fue robada; está en mantenimiento,"Varios ciudadanos del centro de Guayaquil, específicamente de las calles Luzurraga y Panamá, reportaron esta mañana la ""desaparición"" de la estatua en honor del goleador ecuatoriano Alberto Spencer."
100,11 de marzo de 2018 13:33,Encuentran a dos niños que estaban en un taxi cuando fue hurtado en Ecuador,"

Seis PPL fallecieron por amotinamiento en cárcel de Quevedo

La Policía llegó a la cárcel para retomar el control, mientras los familiares de los PPL también se..."
101,19 de febrero de 2018 10:30,Operativo 'Impacto 68' deja 4 detenidos por robo y microtráfico,"

Seis PPL fallecieron por amotinamiento en cárcel de Quevedo

La Policía llegó a la cárcel para retomar el control, mientras los familiares de los PPL también se..."
102,04 de febrero de 2018 16:04,Policía recupera otras 11 computadoras de las robadas en una unidad educativa,"

Seis PPL fallecieron por amotinamiento en cárcel de Quevedo

La Policía llegó a la cárcel para retomar el control, mientras los familiares de los PPL también se..."
103,01 de febrero de 2018 12:23,'Operativo 44' desarticuló a banda dedicada al robo en buses,"

Seis PPL fallecieron por amotinamiento en cárcel de Quevedo

La Policía llegó a la cárcel para retomar el control, mientras los familiares de los PPL también se..."
104,30 de enero de 2018 15:11,Cae banda de delincuentes que operaban en Cotopaxi y Pichincha,"

Seis PPL fallecieron por amotinamiento en cárcel de Quevedo

La Policía llegó a la cárcel para retomar el control, mientras los familiares de los PPL también se..."
105,05 de enero de 2018 11:55,"Hallan la botella de vodka ""más cara del mundo"", pero vacía","La botella, de la marca Russo-Baltique, estaba valorada en $ 1,3 millones antes del robo."
106,22 de diciembre de 2017 13:41,'Mega Fortaleza 6' detuvo a 14 personas en varias provincias,"La acción antidelictiva se realizó de forma simultánea en las provincias de Pichincha, Esmeraldas, Tungurahua, El Oro y Los Ríos."
107,27 de noviembre de 2017 18:11,Lancha recuperada fue entregada a su dueña,"Carmen Santana, de Puerto López, sintió alegría al ver nuevamente su lancha que fue recuperada, tras haber sido sustraída hace 15 días. Ella recibió, a través de autoridades marítimas, la embarcación la tarde de este lunes 27 de noviembre, en los predios de la Capitanía del Puerto de Manta, acompañada de varios familiares."
108,16 de agosto de 2017 13:15,'Fortaleza 44' desarticuló presunta banda que robaba en entidades financieras,"

Seis PPL fallecieron por amotinamiento en cárcel de Quevedo

La Policía llegó a la cárcel para retomar el control, mientras los familiares de los PPL también se..."
109,19 de julio de 2017 20:55,Policía detuvo a dos personas por presunto robo en la Metrovía,"Dos presuntos implicados en cometer robos mediante el sistema de descuideros  fueron arrestados por personal del Grupo de Operaciones Motorizadas (GOM), del Circuito La Atarazana de la Policía, en el interior de la parada de la Metrovía, de la Av. Pedro Menéndez Gilbert y Plaza Dañín."
110,25 de mayo de 2017 18:16,Dos extranjeros detenidos por intento de robo en el centro de Guayaquil,"

Seis PPL fallecieron por amotinamiento en cárcel de Quevedo

La Policía llegó a la cárcel para retomar el control, mientras los familiares de los PPL también se..."
111,24 de mayo de 2017 16:50,Tres extranjeros detenidos por estruche de vivienda en Guayaquil,"

Seis PPL fallecieron por amotinamiento en cárcel de Quevedo

La Policía llegó a la cárcel para retomar el control, mientras los familiares de los PPL también se..."
112,04 de mayo de 2017 16:21,Robo de combustible detona enfrentamientos que dejan 10 muertos en México,"

El veneno de una serpiente impide la multiplicación del virus Sars-Cov-2

Investigadores de la Universidad Estatal Paulista de Brasil realizaron el estudio con una especie ve..."
113,26 de abril de 2017 17:40,Policía recupera embarcaciones y motores fuera de borda robados en camaronera,"

Seis PPL fallecieron por amotinamiento en cárcel de Quevedo

La Policía llegó a la cárcel para retomar el control, mientras los familiares de los PPL también se..."
114,25 de abril de 2017 19:00,Cuatro detenidos por robo de armas en camaronera de Durán,"

Seis PPL fallecieron por amotinamiento en cárcel de Quevedo

La Policía llegó a la cárcel para retomar el control, mientras los familiares de los PPL también se..."
115,21 de abril de 2017 16:25,Tres detenidos por asalto a locales comerciales en Guayaquil,"

Seis PPL fallecieron por amotinamiento en cárcel de Quevedo

La Policía llegó a la cárcel para retomar el control, mientras los familiares de los PPL también se..."
116,04 de abril de 2017 16:08,La Policía desarticuló en Milagro una banda dedicada a robar en unidades educativas,"

Seis PPL fallecieron por amotinamiento en cárcel de Quevedo

La Policía llegó a la cárcel para retomar el control, mientras los familiares de los PPL también se..."
117,19 de enero de 2017 16:12,Presunto ladrón de láminas de oro en Manhattan fue aprehendido en Guayaquil,"

Seis PPL fallecieron por amotinamiento en cárcel de Quevedo

La Policía llegó a la cárcel para retomar el control, mientras los familiares de los PPL también se..."
118,18 de enero de 2017 09:01,Las joyas robadas a Kim Kardashian en París fueron fundidas y retalladas,"

MAAC abordará conversatorio virtual sobre procesos de arte fuera de la institucionalidad

Los ponentes será de países como Ecuador, Chile, Suiza, España y Brasil."
119,03 de enero de 2017 17:18,Roban $ 6 millones en joyas cerca de Times Square en Año Nuevo,"

El veneno de una serpiente impide la multiplicación del virus Sars-Cov-2

Investigadores de la Universidad Estatal Paulista de Brasil realizaron el estudio con una especie ve..."
120,27 de diciembre de 2016 00:00,Ecuatoriano robaba objetos de camiones,"El Departamento de Seguridad Interior y el Consulado de Ecuador en Nueva York no responden los pedidos para confirmar la nacionalidad del sospechoso, sus deportaciones y estatus migratorio."
121,22 de diciembre de 2016 16:50,Policía de Nueva York identifica a hombre que robó balde lleno de oro,"

Seis PPL fallecieron por amotinamiento en cárcel de Quevedo

La Policía llegó a la cárcel para retomar el control, mientras los familiares de los PPL también se..."
122,22 de noviembre de 2016 11:08,Roban 5 millones de euros a 2 mujeres cataríes en autopista de París,"

El veneno de una serpiente impide la multiplicación del virus Sars-Cov-2

Investigadores de la Universidad Estatal Paulista de Brasil realizaron el estudio con una especie ve..."
123,29 de octubre de 2016 00:00,Una madre presenció cómo los 'sacapintas' asesinaron a su hijo,Francisco Xavier García Moreno recibió un disparo en la pierna izquierda por no dejarse robar. Los autores del crimen no han sido identificados.
124,28 de septiembre de 2016 14:44,Asaltantes que robaron blindado dejaron un carro abandonado,"

Seis PPL fallecieron por amotinamiento en cárcel de Quevedo

La Policía llegó a la cárcel para retomar el control, mientras los familiares de los PPL también se..."
125,06 de julio de 2016 00:00,Aún no hay detenidos por robo de $ 10.500 en Solca,"

Seis PPL fallecieron por amotinamiento en cárcel de Quevedo

La Policía llegó a la cárcel para retomar el control, mientras los familiares de los PPL también se..."
126,04 de junio de 2016 00:00,El supuesto autor de crimen por asalto fue aprehendido,"

Seis PPL fallecieron por amotinamiento en cárcel de Quevedo

La Policía llegó a la cárcel para retomar el control, mientras los familiares de los PPL también se..."
127,26 de mayo de 2016 12:32,Ocho detenidos por presunto robo en estaciones de la Metrovía,"

Seis PPL fallecieron por amotinamiento en cárcel de Quevedo

La Policía llegó a la cárcel para retomar el control, mientras los familiares de los PPL también se..."
128,14 de mayo de 2016 00:00,‘Me robaron mi perfil en Facebook’,"Facebook ha tratado de distinguirse como un lugar para las identidades verdaderas, pero aún no ha logrado proteger a sus usuarios."
129,04 de marzo de 2016 14:55,Roban a todo un pueblo en Argentina en 10 minutos y se fugan,"

Seis PPL fallecieron por amotinamiento en cárcel de Quevedo

La Policía llegó a la cárcel para retomar el control, mientras los familiares de los PPL también se..."
130,27 de febrero de 2016 00:00,Video identifica a 3 personas que participaron en un robo,"

Seis PPL fallecieron por amotinamiento en cárcel de Quevedo

La Policía llegó a la cárcel para retomar el control, mientras los familiares de los PPL también se..."
131,23 de febrero de 2016 18:18,"Organización robaba celulares en Colombia y los vendía en Ecuador, Perú y Argentina","

Seis PPL fallecieron por amotinamiento en cárcel de Quevedo

La Policía llegó a la cárcel para retomar el control, mientras los familiares de los PPL también se..."
132,29 de diciembre de 2015 11:23,ECU-911 y la Policía Nacional evitaron robo de computadoras en escuela de Ambato,"A las 02:22 de hoy personal del ECU-911 de Ambato recibió una llamada alertando un posible robo en la Unidad Educativa Francisco Flor Gustavo Egüez, ubicada cerca del redondel de Huachi Chico, al sur de la ciudad."
133,18 de noviembre de 2015 00:00,Delincuentes aprovecharon la luz roja para robar 480 pavos,El asalto ocurrió en la isla trinitaria 
134,17 de noviembre de 2015 00:00,3 guardias fueron detenidos después de robar en hospital,Uno de los sospechosos borraba las huellas 
135,11 de noviembre de 2015 00:00,La Fiscalía solicita videos tras robo en el Vicente Rocafuerte,El incidente ocurrió el 6 de noviembre 
136,06 de noviembre de 2015 00:00,"Sospechoso de robar $ 18 mil, detenido","El asalto ocurrió en una hostería de la parroquia baños, en cuenca "
137,26 de septiembre de 2015 15:23,Roban dos pinturas de Goya ,"

MAAC abordará conversatorio virtual sobre procesos de arte fuera de la institucionalidad

Los ponentes será de países como Ecuador, Chile, Suiza, España y Brasil."
138,11 de septiembre de 2015 00:00,Los delincuentes robaban a jóvenes hasta uniformes y útiles escolares,4 detenidos en quito
139,21 de julio de 2015 00:00,Una joven de 25 años fue baleada por evitar robo,"

Seis PPL fallecieron por amotinamiento en cárcel de Quevedo

La Policía llegó a la cárcel para retomar el control, mientras los familiares de los PPL también se..."
140,09 de julio de 2015 14:45," EE. UU. dice que hackers robaron información de 21,5 millones de personas","

El veneno de una serpiente impide la multiplicación del virus Sars-Cov-2

Investigadores de la Universidad Estatal Paulista de Brasil realizaron el estudio con una especie ve..."
141,24 de junio de 2015 00:00,Sospechoso de robo en local de celulares quiso huir subiendo en diferentes buses,Un arma incautadA
142,21 de junio de 2015 14:37,Presunto responsable de asesinato de policía fue detenido,"

Seis PPL fallecieron por amotinamiento en cárcel de Quevedo

La Policía llegó a la cárcel para retomar el control, mientras los familiares de los PPL también se..."
143,10 de junio de 2015 10:16,"Roban ejemplar inédito de ""Cincuenta sombras de Grey"" ","

MAAC abordará conversatorio virtual sobre procesos de arte fuera de la institucionalidad

Los ponentes será de países como Ecuador, Chile, Suiza, España y Brasil."
144,01 de junio de 2015 18:04,Colombia ofrece recompensa por valioso óleo de Simón Bolívar que fue robado ,"

MAAC abordará conversatorio virtual sobre procesos de arte fuera de la institucionalidad

Los ponentes será de países como Ecuador, Chile, Suiza, España y Brasil."
145,28 de abril de 2015 08:11,Sospechosos de robo a complejo del D. Quito fueron capturados ,"

Seis PPL fallecieron por amotinamiento en cárcel de Quevedo

La Policía llegó a la cárcel para retomar el control, mientras los familiares de los PPL también se..."
146,02 de abril de 2015 17:29,"Vanilla Ice hará servicio comunitario, tras acuerdo legal ","

MAAC abordará conversatorio virtual sobre procesos de arte fuera de la institucionalidad

Los ponentes será de países como Ecuador, Chile, Suiza, España y Brasil."
147,02 de marzo de 2015 10:32,"Ladrón devuelve vestido de Lupita Nyongo, al asegurar que las perlas son falsas","

MAAC abordará conversatorio virtual sobre procesos de arte fuera de la institucionalidad

Los ponentes será de países como Ecuador, Chile, Suiza, España y Brasil."
148,22 de enero de 2015 14:30,"Scolari, indocumentado y sin tarjetas de crédito por robo en Brasil","

Club Ñañas y Deportivo Cuenca se volverán a enfrentar en la final de la Superliga Femenina

La tercera edición de la competencia ya tiene a los dos clubes clasificados que disputarán el título"
149,17 de enero de 2015 00:00,Los robos de celulares se redujeron a mil por día (Infografía),El ejecutivo realizó 24 objeciones a la ley de telecomunicaciones
150,15 de enero de 2015 00:00,Ladrones utilizaron un iPod para robar tarjetas de crédito en Reino Unido,Seguridad de claves
151,16 de diciembre de 2014 13:45,Algunos de los trofeos robados a Red Bull aparecen en un lago,"

Club Ñañas y Deportivo Cuenca se volverán a enfrentar en la final de la Superliga Femenina

La tercera edición de la competencia ya tiene a los dos clubes clasificados que disputarán el título"
152,02 de noviembre de 2014 18:33,Roban puerta del campo de concentración nazi de Dachau,"

El veneno de una serpiente impide la multiplicación del virus Sars-Cov-2

Investigadores de la Universidad Estatal Paulista de Brasil realizaron el estudio con una especie ve..."
153,17 de septiembre de 2014 00:00,3 presos por robo y extorsión ,Hombre dijo que le pedían $ 1.700 de recompensa 
154,27 de agosto de 2014 00:00,Diariamente en Lima se reporta el robo de 14.000 celulares y 19 autos,En 2012 se registraron alrededor de 1.968 homicidios en todo perú
155,19 de agosto de 2014 00:00,Robo y asesinato bajan en Guayaquil,"Mejoras en sauces, Atarazana, Guayacanes, Kennedy, Urdesa y La alborada"
156,13 de agosto de 2014 00:00,Cinematográfico y millonario robo en el aeropuerto de Santiago de Chile,"Se llevaron $10,5 millones"
157,06 de agosto de 2014 00:00,El robo de ganado bajó en Guayas,En los primeros 6 meses de 2014 se han presentado 36 denuncias
158,26 de julio de 2014 00:00,El robo de tapas de desagües causa un perjuicio de $ 25 mil,Entes se unen en tulcán para hallar a culpables 
159,17 de julio de 2014 00:00,Hay 5 denuncias de robo en cerro Santa Ana al mes,Uno de los moradores dice que el patrullaje solo aumenta en los feriados
160,07 de julio de 2014 00:00,Adolescente implicado en robo,"

Seis PPL fallecieron por amotinamiento en cárcel de Quevedo

La Policía llegó a la cárcel para retomar el control, mientras los familiares de los PPL también se..."
161,09 de junio de 2014 18:37,Cuatro menores expulsados del entrenamiento de Colombia por intento de robo,"

Club Ñañas y Deportivo Cuenca se volverán a enfrentar en la final de la Superliga Femenina

La tercera edición de la competencia ya tiene a los dos clubes clasificados que disputarán el título"
162,03 de junio de 2014 00:00,Sospechoso de robo a turista fue aprehendido en terminal, Mujer recuperó su maleta
163,14 de mayo de 2014 07:24,"Justin Bieber, acusado de intentar robarle un celular a una mujer ","

MAAC abordará conversatorio virtual sobre procesos de arte fuera de la institucionalidad

Los ponentes será de países como Ecuador, Chile, Suiza, España y Brasil."
164,08 de mayo de 2014 00:00,240 mil móviles reportados por robo fueron bloqueados (INFOGRAFÍA),El objetivo es disminuir el robo de dispositivos
165,16 de abril de 2014 00:00,El museo Remigio Crespo Toral sufrió el robo de 12 piezas,El hecho fue detectado cuando una consultora realizaba el inventario y avalúo
166,15 de abril de 2014 00:00,Robo en el Cabildo latacungueño,Casi $ 25 mil cobrados en impuestos se esfumaron
167,10 de abril de 2014 00:00,La Policía detuvo a nueve personas acusadas de robo ,"Durante la última semana, la Policía Judicial del Azuay efectuó varios operativos de control en diferentes sectores. En ellos logró la captura de nueve ciudadanos presuntamente vinculados con hechos delictivos, mientras que dos menores de edad fueron aislados."
168,01 de abril de 2014 00:00,"El robo a personas, delito más cometido en Iñaquito","La policía ha dividido a quito en 13 circuitos para optimizar recursos humanos, logísticos y bajar el tiempo de respuesta"
169,20 de diciembre de 2013 00:00,Las víctimas de la usura recuperarán sus bienes,"

Seis PPL fallecieron por amotinamiento en cárcel de Quevedo

La Policía llegó a la cárcel para retomar el control, mientras los familiares de los PPL también se..."
170,19 de diciembre de 2013 10:21,43 detenidos en operativo “Noche gris” contra la usura,"

Seis PPL fallecieron por amotinamiento en cárcel de Quevedo

La Policía llegó a la cárcel para retomar el control, mientras los familiares de los PPL también se..."
171,12 de diciembre de 2013 00:00,El hurto durante tragedia se castiga como robo,"

Seis PPL fallecieron por amotinamiento en cárcel de Quevedo

La Policía llegó a la cárcel para retomar el control, mientras los familiares de los PPL también se..."
172,29 de octubre de 2013 00:00,Taxistas fueron heridos en supuestos intentos de robo,"

Seis PPL fallecieron por amotinamiento en cárcel de Quevedo

La Policía llegó a la cárcel para retomar el control, mientras los familiares de los PPL también se..."
173,21 de octubre de 2013 00:00,Trabas que podrían evitar el robo de un vehículo,"

Seis PPL fallecieron por amotinamiento en cárcel de Quevedo

La Policía llegó a la cárcel para retomar el control, mientras los familiares de los PPL también se..."
174,12 de octubre de 2013 00:00,Prisión para gendarme por robo,"

Seis PPL fallecieron por amotinamiento en cárcel de Quevedo

La Policía llegó a la cárcel para retomar el control, mientras los familiares de los PPL también se..."
175,03 de septiembre de 2013 00:00,América Latina se une contra el robo de celulares,"

Seis PPL fallecieron por amotinamiento en cárcel de Quevedo

La Policía llegó a la cárcel para retomar el control, mientras los familiares de los PPL también se..."
176,29 de agosto de 2013 00:00,Celulares inteligentes se podrán destruir vía web en caso de robo,"

Seis PPL fallecieron por amotinamiento en cárcel de Quevedo

La Policía llegó a la cárcel para retomar el control, mientras los familiares de los PPL también se..."
177,29 de agosto de 2013 00:00,Acusan a policías paraguayos de apoderarse de $ 200.000,"

Seis PPL fallecieron por amotinamiento en cárcel de Quevedo

La Policía llegó a la cárcel para retomar el control, mientras los familiares de los PPL también se..."
178,24 de agosto de 2013 00:00,Tres detenidos por el asalto a una camaronera,"

Seis PPL fallecieron por amotinamiento en cárcel de Quevedo

La Policía llegó a la cárcel para retomar el control, mientras los familiares de los PPL también se..."
179,06 de agosto de 2013 08:27,Aseguradora ofrece recompensa para recuperar joyas robadas en Francia,"

El veneno de una serpiente impide la multiplicación del virus Sars-Cov-2

Investigadores de la Universidad Estatal Paulista de Brasil realizaron el estudio con una especie ve..."
180,03 de agosto de 2013 00:00,Tres detenidos por robos a personas y a un local,"Dos presuntos miembros de una banda dedicada al robo de personas fueron detenidos por la Policía en Urdesa, norte de Guayaquil. Viajaban en un Chevrolet Spark blanco, que fue identificado por varias de las víctimas."
181,31 de julio de 2013 00:00,El robo a domicilios sube en estadísticas,"Según las autoridades azuayas existe una disminución en el robo a locales comerciales, vehículos y personas en Cuenca en los últimos meses, pero se  registra un aumento en el robo a domicilios y motos. Las muertes violentas mantienen las mismas estadísticas, con relación al año anterior."
182,27 de julio de 2013 00:00,Tesorera fue plagiada para robar en cooperativa,"$ 300.000 fueron robados de la cooperativa Comercio Ltda., del cantón Portoviejo, confirmó el gerente, Fabián Santana. La tesorera de la entidad fue plagiada por 6 hombres para usarla como “carnada”."
183,05 de julio de 2013 00:00,Vecinos de San Roque quieren erradicar las drogas y el robo,"San Roque es uno de los barrios tradicionales de la capital y es conocido como  un centro de abastos  donde confluyen comerciantes de todas las provincias. Sus calles están llenas de vendedores, frutas, legumbres y mariscos, un paisaje ya cotidiano para sus moradores.  "
184,22 de mayo de 2013 00:00,Policía capturado mientras robaba,"

Seis PPL fallecieron por amotinamiento en cárcel de Quevedo

La Policía llegó a la cárcel para retomar el control, mientras los familiares de los PPL también se..."
185,10 de mayo de 2013 00:00,"Tres personas, detenidas por robo en Simón Bolívar","Hasta las dependencias de la Tenencia Política de la parroquia Simón Bolívar, del cantón Pastaza, acudió una ciudadana en días pasados, para denunciar que su tienda había sido asaltada."
186,17 de abril de 2013 00:00,"Robo de elementos de la regeneración urbana, imparable en las calles","Manuel Miño, comerciante del centro de la urbe, ya no recuerda cuánto tiempo ha pasado desde que se llevaron un tacho de basura de la avenida Machala (a la altura de Luque),  colocado por el Municipio de Guayaquil, a través de la Fundación Guayaquil Siglo XXI,  cuando se inició la regeneración urbana allí hace seis años. "
187,17 de abril de 2013 00:00,Investigan el robo de fármacos,"

Seis PPL fallecieron por amotinamiento en cárcel de Quevedo

La Policía llegó a la cárcel para retomar el control, mientras los familiares de los PPL también se..."
188,15 de abril de 2013 00:00,"Según Observatorio, el robo a personas creció en Guayaquil","

Seis PPL fallecieron por amotinamiento en cárcel de Quevedo

La Policía llegó a la cárcel para retomar el control, mientras los familiares de los PPL también se..."
189,10 de abril de 2013 00:00,Inició juzgamiento por robo en Quicentro Sur de hace un año,"

Seis PPL fallecieron por amotinamiento en cárcel de Quevedo

La Policía llegó a la cárcel para retomar el control, mientras los familiares de los PPL también se..."
190,02 de abril de 2013 00:00,Cuba acusa a EE.UU. de robo de marca de habanos,"

El veneno de una serpiente impide la multiplicación del virus Sars-Cov-2

Investigadores de la Universidad Estatal Paulista de Brasil realizaron el estudio con una especie ve..."
191,30 de marzo de 2013 00:00,Detienen a banda delictiva cuando intentaba robar en una vivienda,"

Seis PPL fallecieron por amotinamiento en cárcel de Quevedo

La Policía llegó a la cárcel para retomar el control, mientras los familiares de los PPL también se..."
192,29 de marzo de 2013 00:00,Gendarmes extorsionaban a personas víctimas de robo,"

Seis PPL fallecieron por amotinamiento en cárcel de Quevedo

La Policía llegó a la cárcel para retomar el control, mientras los familiares de los PPL también se..."
193,29 de marzo de 2013 00:00,Capturan a 8 personas acusadas de intento de robo de 80 cerdos,"

Seis PPL fallecieron por amotinamiento en cárcel de Quevedo

La Policía llegó a la cárcel para retomar el control, mientras los familiares de los PPL también se..."
194,09 de marzo de 2013 00:00,En Milagro detienen a sujetos acusados de robar a vigilantes,"

Seis PPL fallecieron por amotinamiento en cárcel de Quevedo

La Policía llegó a la cárcel para retomar el control, mientras los familiares de los PPL también se..."
195,21 de febrero de 2013 00:00,Detienen al autor del robo de un Dalí en Nueva York ,"

MAAC abordará conversatorio virtual sobre procesos de arte fuera de la institucionalidad

Los ponentes será de países como Ecuador, Chile, Suiza, España y Brasil."
196,09 de febrero de 2013 00:00,Hombre es detenido tras robar puerta metálica de un parque,"

Seis PPL fallecieron por amotinamiento en cárcel de Quevedo

La Policía llegó a la cárcel para retomar el control, mientras los familiares de los PPL también se..."
197,01 de febrero de 2013 00:00,Desarticulan presunta banda dedicada al robo de ganado,"

Seis PPL fallecieron por amotinamiento en cárcel de Quevedo

La Policía llegó a la cárcel para retomar el control, mientras los familiares de los PPL también se..."
198,31 de enero de 2013 00:00,Cuatro sujetos son detenidos en Guayaquil luego de haber robado,"

Seis PPL fallecieron por amotinamiento en cárcel de Quevedo

La Policía llegó a la cárcel para retomar el control, mientras los familiares de los PPL también se..."
199,17 de enero de 2013 00:00,Hombre es asesinado por oponerse a asalto y robo en bus,"

Seis PPL fallecieron por amotinamiento en cárcel de Quevedo

La Policía llegó a la cárcel para retomar el control, mientras los familiares de los PPL también se..."
200,08 de enero de 2013 00:00,Robo en Municipio de Pasaje,"La madrugada del domingo, delincuentes se sustrajeron la caja fuerte de la oficina de tesorería de la Municipalidad de Pasaje, llevándose documentos valiosos para la institución."
201,04 de enero de 2013 00:00,Sede de las juntas parroquiales de Esmeraldas sufre robo de su oficina por segunda vez,"El robo que sufrió la sede de la Asociación de Gobiernos Autónomos Parroquiales Rurales de Esmeraldas (Asogopare), ubicada en la capital provincial, dejó pérdidas por alrededor de siete mil dólares."
202,28 de diciembre de 2012 00:00,Intervención de ciudadanos logra frustrar robo a un local,"

Seis PPL fallecieron por amotinamiento en cárcel de Quevedo

La Policía llegó a la cárcel para retomar el control, mientras los familiares de los PPL también se..."
203,02 de diciembre de 2012 00:00,Policía detiene a sospechosos y frustra robo,"

Seis PPL fallecieron por amotinamiento en cárcel de Quevedo

La Policía llegó a la cárcel para retomar el control, mientras los familiares de los PPL también se..."
204,28 de noviembre de 2012 00:00,Baja el número de teléfonos celulares reportados como perdidos o robados en el país,"La Superintendencia de Telecomunicaciones (Supertel) informó que en los últimos meses se ha reducido el reporte de robos o pérdidas de celulares, entre otros factores, por efecto del proceso de empadronamiento en la telefonía móvil que culminó en julio de este año y que logró bajar el comercio ilegal de los equipos."
205,22 de noviembre de 2012 00:00,Tribunal penal impone sentencia en apenas 17 días de proceso,"

Seis PPL fallecieron por amotinamiento en cárcel de Quevedo

La Policía llegó a la cárcel para retomar el control, mientras los familiares de los PPL también se..."
206,12 de noviembre de 2012 07:42,21 sudamericanos detenidos por robar casas y traficar cocaína,"

El veneno de una serpiente impide la multiplicación del virus Sars-Cov-2

Investigadores de la Universidad Estatal Paulista de Brasil realizaron el estudio con una especie ve..."
207,08 de noviembre de 2012 00:00,Los acusados de robar Banco Sudamericano son presentados,"

Seis PPL fallecieron por amotinamiento en cárcel de Quevedo

La Policía llegó a la cárcel para retomar el control, mientras los familiares de los PPL también se..."
208,07 de noviembre de 2012 00:00,Robo y contrabando de combustible se realiza con placas clonadas,Las mafias de contrabando de combustible no dejan de inventar formas para continuar con su actividad ilícita en la zona de la frontera con Colombia.
209,02 de noviembre de 2012 00:00,Desarticulan a presunta banda dedicada al robo y asalto en agencias bancarias en Guayaquil,"

Seis PPL fallecieron por amotinamiento en cárcel de Quevedo

La Policía llegó a la cárcel para retomar el control, mientras los familiares de los PPL también se..."
210,31 de octubre de 2012 00:00,Enmascarados se apoderan de 56 mil dólares,"

Seis PPL fallecieron por amotinamiento en cárcel de Quevedo

La Policía llegó a la cárcel para retomar el control, mientras los familiares de los PPL también se..."
211,28 de octubre de 2012 00:00,El “arte” de dormir a las víctimas no da tregua,"

Seis PPL fallecieron por amotinamiento en cárcel de Quevedo

La Policía llegó a la cárcel para retomar el control, mientras los familiares de los PPL también se..."
212,12 de octubre de 2012 00:00,Robo de cilindros de gas desabastece a ciudadela,"En la Fiscalía de Huaquillas, la Agencia Regional de Control Hidrocarburífero (ARCH) de El Oro presentó una denuncia por la desaparición de 1.403 cilindros de gas."
213,10 de octubre de 2012 00:00,Robo y delitos sexuales se incrementaron en Cuenca,"Un diagnóstico elaborado por el Consejo de Seguridad Ciudadana y el Centro de Estudios Estratégicos evidencia un incremento en algunos hechos delincuenciales en Cuenca, en lo que va de 2012.  "
214,05 de octubre de 2012 00:00,Julianne Moore es víctima de millonario robo en su mansión,"

MAAC abordará conversatorio virtual sobre procesos de arte fuera de la institucionalidad

Los ponentes será de países como Ecuador, Chile, Suiza, España y Brasil."
215,14 de septiembre de 2012 07:56,Antonio Valencia es víctima de robo en el aeropuerto,"

Club Ñañas y Deportivo Cuenca se volverán a enfrentar en la final de la Superliga Femenina

La tercera edición de la competencia ya tiene a los dos clubes clasificados que disputarán el título"
216,13 de septiembre de 2012 00:00,Una familia es sedada con escopolamina para robarle,"

Seis PPL fallecieron por amotinamiento en cárcel de Quevedo

La Policía llegó a la cárcel para retomar el control, mientras los familiares de los PPL también se..."
217,13 de septiembre de 2012 00:00,Ex militar es detenido en delito flagrante por robar en domicilio,"

Seis PPL fallecieron por amotinamiento en cárcel de Quevedo

La Policía llegó a la cárcel para retomar el control, mientras los familiares de los PPL también se..."
218,06 de septiembre de 2012 00:00,"Hombre muere, tras robo a cliente de banco en Ambato","

Seis PPL fallecieron por amotinamiento en cárcel de Quevedo

La Policía llegó a la cárcel para retomar el control, mientras los familiares de los PPL también se..."
219,01 de septiembre de 2012 00:00,Empleado del MSP es detenido por presunto robo de medicinas,"

Seis PPL fallecieron por amotinamiento en cárcel de Quevedo

La Policía llegó a la cárcel para retomar el control, mientras los familiares de los PPL también se..."
220,30 de agosto de 2012 00:00,"Ladrones roban bicicleta de Hindes, campeón olímpico","

Club Ñañas y Deportivo Cuenca se volverán a enfrentar en la final de la Superliga Femenina

La tercera edición de la competencia ya tiene a los dos clubes clasificados que disputarán el título"
221,02 de agosto de 2012 00:00,Joven madre denuncia robo de su bebé en Guayaquil,"

Seis PPL fallecieron por amotinamiento en cárcel de Quevedo

La Policía llegó a la cárcel para retomar el control, mientras los familiares de los PPL también se..."
222,30 de julio de 2012 00:00, Trece personas son detenidas por venta ilegal de entradas a los JJ.OO.; otras están acusadas de robo,"

Club Ñañas y Deportivo Cuenca se volverán a enfrentar en la final de la Superliga Femenina

La tercera edición de la competencia ya tiene a los dos clubes clasificados que disputarán el título"
223,27 de julio de 2012 00:00,Caen 7 presuntos asaltantes,"

Seis PPL fallecieron por amotinamiento en cárcel de Quevedo

La Policía llegó a la cárcel para retomar el control, mientras los familiares de los PPL también se..."
224,25 de julio de 2012 16:56,Dos presuntos delincuentes son apresados por robo a bus intercantonal,"

Seis PPL fallecieron por amotinamiento en cárcel de Quevedo

La Policía llegó a la cárcel para retomar el control, mientras los familiares de los PPL también se..."
225,25 de julio de 2012 00:00,Cuatro detenidos por robo a empresa minera en Zaruma,"En la vía Zaruma-Catamayo y en la parroquia La Peaña, perteneciente al cantón El Guabo, fueron detenidas cuatro personas presuntamente implicadas en el robo a una mina."
226,24 de julio de 2012 13:41,Lingotes de oro fueron robados en bóveda de Portovelo,"

Seis PPL fallecieron por amotinamiento en cárcel de Quevedo

La Policía llegó a la cárcel para retomar el control, mientras los familiares de los PPL también se..."
227,13 de julio de 2012 00:00,Yahoo admite robo de 450.000 contraseñas,"

Hacienda la Compañía, 27 años de historia en la producción de rosas en Ecuador

Conoce el proceso de producción, venta y distribución de rosas en Cayambe."
228,23 de junio de 2012 00:00,"Robo de 1,3 millones en el HCAM","La coordinadora nacional de Gestión de Unidades Médicas del Instituto Nacional de Seguridad Social (IESS), María Sol Larrea, anunció ayer que tras una auditoría se detectó el robo de 1,3 millones de dólares  que correspondían al presupuesto del hospital Carlos Andrade Marín."
229,07 de junio de 2012 15:49,Sospechoso secuestrador de fiscal es hallado en Ventanas,"

Seis PPL fallecieron por amotinamiento en cárcel de Quevedo

La Policía llegó a la cárcel para retomar el control, mientras los familiares de los PPL también se..."
230,26 de mayo de 2012 00:00,La biblioteca más antigua de Nápoles fue saqueada,"

MAAC abordará conversatorio virtual sobre procesos de arte fuera de la institucionalidad

Los ponentes será de países como Ecuador, Chile, Suiza, España y Brasil."
231,11 de mayo de 2012 00:00,Delincuentes roban en vivienda del alcalde de Santa Lucía,"

Seis PPL fallecieron por amotinamiento en cárcel de Quevedo

La Policía llegó a la cárcel para retomar el control, mientras los familiares de los PPL también se..."
232,29 de abril de 2012 14:50,Roban en Río de Janeiro un automóvil que transportaba material radiactivo,"

El veneno de una serpiente impide la multiplicación del virus Sars-Cov-2

Investigadores de la Universidad Estatal Paulista de Brasil realizaron el estudio con una especie ve..."
233,25 de abril de 2012 09:37,Internautas chinos podrán proteger de robo sus bienes digitales,"

Impactantes y coloridos diseños de bordado son elaborados en la hacienda Pinsaqui

Conoce cómo obtener un bordado a mano tradicional en la hacienda Pinsaqui"
234,17 de abril de 2012 17:08,Ministerio del Interior desmiente que el robo en una bodega del Consep sea de una tonelada de droga,"

Seis PPL fallecieron por amotinamiento en cárcel de Quevedo

La Policía llegó a la cárcel para retomar el control, mientras los familiares de los PPL también se..."
235,13 de abril de 2012 10:19,Delincuentes roban partes de autos chocados en Guayaquil,"

Seis PPL fallecieron por amotinamiento en cárcel de Quevedo

La Policía llegó a la cárcel para retomar el control, mientras los familiares de los PPL también se..."
236,03 de abril de 2012 00:00,Mujer forcejea con pillo y evita robo,"

Seis PPL fallecieron por amotinamiento en cárcel de Quevedo

La Policía llegó a la cárcel para retomar el control, mientras los familiares de los PPL también se..."
237,29 de marzo de 2012 09:36,"Bélgica: denuncian robo de bicicletas con campeonato de ""ladrones""","

El veneno de una serpiente impide la multiplicación del virus Sars-Cov-2

Investigadores de la Universidad Estatal Paulista de Brasil realizaron el estudio con una especie ve..."
238,27 de marzo de 2012 00:00,Denuncian robo sistemático de bebés durante dictadura,"

El veneno de una serpiente impide la multiplicación del virus Sars-Cov-2

Investigadores de la Universidad Estatal Paulista de Brasil realizaron el estudio con una especie ve..."
239,20 de marzo de 2012 00:00,Atraco en iglesia evangélica deja cerca de 5.000 dólares en pérdidas,"

Seis PPL fallecieron por amotinamiento en cárcel de Quevedo

La Policía llegó a la cárcel para retomar el control, mientras los familiares de los PPL también se..."
240,01 de marzo de 2012 00:00,Tres sospechosos de asaltar una joyería fueron detenidos,"

Seis PPL fallecieron por amotinamiento en cárcel de Quevedo

La Policía llegó a la cárcel para retomar el control, mientras los familiares de los PPL también se..."
241,19 de enero de 2012 10:00,Policía captura a dos acusados de robar en cafetería de Urdesa,"

Seis PPL fallecieron por amotinamiento en cárcel de Quevedo

La Policía llegó a la cárcel para retomar el control, mientras los familiares de los PPL también se..."
242,14 de octubre de 2011 09:29,Supuestos estudiantes asaltaron facultad de U. de Guayaquil,"Tres sujetos armados asaltaron la tarde de ayer las oficinas de la Facultad de Ciencias Administrativas de la Universidad de Guayaquil, al norte de la ciudad.Se hicieron pasar como estudiantes para ingresar a la dependencia. Amarraron y encerraron al personal que se encontraba en el lugar."
243,06 de octubre de 2011 08:31,Policía capturó a ocho una banda que se dedicaba al robo de autos,"

Seis PPL fallecieron por amotinamiento en cárcel de Quevedo

La Policía llegó a la cárcel para retomar el control, mientras los familiares de los PPL también se..."
244,01 de octubre de 2011 00:00,Ministerio de Electricidad denuncia robo de un equipo radiactivo en la vía a Daule,El Ministerio de Electricidad y Energía Renovable (MEER) informó del robo de un elemento radiactivo peligroso. El hecho se suscitó el martes 13 de septiembre en el km 18 vía a Daule y el equipo aún no ha sido recuperado.
245,02 de septiembre de 2011 00:00,Investigan a uniformado que habría participado en robo,"

Seis PPL fallecieron por amotinamiento en cárcel de Quevedo

La Policía llegó a la cárcel para retomar el control, mientras los familiares de los PPL también se..."
246,02 de septiembre de 2011 00:00,Maquinaria que fue robada en marzo pasado fue recuperada,"

Seis PPL fallecieron por amotinamiento en cárcel de Quevedo

La Policía llegó a la cárcel para retomar el control, mientras los familiares de los PPL también se..."
247,28 de agosto de 2011 12:45,Detenidos en Chile dos mexicanos por robo de reliquias egipcias,"

El veneno de una serpiente impide la multiplicación del virus Sars-Cov-2

Investigadores de la Universidad Estatal Paulista de Brasil realizaron el estudio con una especie ve..."
248,03 de agosto de 2011 00:00,El robo informático afecta a más de 600 clientes durante 2011,"

Seis PPL fallecieron por amotinamiento en cárcel de Quevedo

La Policía llegó a la cárcel para retomar el control, mientras los familiares de los PPL también se..."
249,29 de julio de 2011 00:00,Policía frustra robo en joyería y detiene a dos sospechosos,"

Seis PPL fallecieron por amotinamiento en cárcel de Quevedo

La Policía llegó a la cárcel para retomar el control, mientras los familiares de los PPL también se..."
250,24 de julio de 2011 00:00,Sustrajeron libros históricos de la Biblioteca de Perú,"

MAAC abordará conversatorio virtual sobre procesos de arte fuera de la institucionalidad

Los ponentes será de países como Ecuador, Chile, Suiza, España y Brasil."
251,13 de julio de 2011 13:34,Ocho hombres detenidos tras asaltar una institución de Ahorro y Crédito,"

Seis PPL fallecieron por amotinamiento en cárcel de Quevedo

La Policía llegó a la cárcel para retomar el control, mientras los familiares de los PPL también se..."
252,29 de junio de 2011 00:00,Las ladronas de la serían “sexoservidoras”,"

Club Ñañas y Deportivo Cuenca se volverán a enfrentar en la final de la Superliga Femenina

La tercera edición de la competencia ya tiene a los dos clubes clasificados que disputarán el título"
253,25 de junio de 2011 11:28,Clonación de vehículos robados,"En los últimos meses los medios de comunicación han publicado que son muchos los ""vehículos robados y clonados"" por los ladrones, que han alterado la serie del chasis y motor y placa de estos vehículos, para confundirlos con los originales y poderlos ""matricular como genuinos"" en la Comisión de Tránsito del Ecuador (CTE), a fin de venderlos aparentemente sin ningún poblema legal."
